cricos_provider_code,trading_name,institution_name,institution_type,website,,,,,,,,,,,,,,
00004G,Australian Catholic University,Australian Catholic University Limited,Government,https://www.acu.edu.au/,,,,,,,,,,,,,,
00005F,Charles Sturt University,Charles Sturt University (CSU),Government,https://www.csu.edu.au/,,,,,,,,,,,,,,
00103D,Federation University Australia,Federation University Australia,Government,https://www.federation.edu.au/search/?keywordQ=brochures&sortQ=1&typeQ=search&pageQ=0,,,,,,,,,,,,,,
00109J,"The University of Newcastle (UoN), The University of Newcastle Language Centre, Sydney",The University of Newcastle (UoN),Government,https://www.newcastle.edu.au/,,,,,,,,,,,,,,
00113B,NULL,Deakin University (Deakin),Government,http://www.deakin.edu.au/,,,,,,,,,,,,,,
00117J,James Cook University,James Cook University,Government,https://www.jcu.edu.au/,,,,,,,,,,,,,,
00120C,NULL,Australian National University,Government,http://www.anu.edu.au/,,,,,,,,,,,,,,
00123M,NULL,The University of Adelaide (Adelaide),Government,http://www.adelaide.edu.au,,,,,,,,,,,,,,
00124K,Victoria University,Victoria University,Government,http://www.vu.edu.au/,,,,,,,,,,,,,,
00161E,Kent Institute Australia,Kent Institute Australia Pty Ltd,Private,https://kent.edu.au/important-dates/,,,,,,,,,,,,,,
00197D,"Stott's Colleges, Australian Surf Industry Training School, Front Cooking School, Melbourne Language Centre, Affectors Academy",Acknowledge Education Pty Ltd,Private,https://www.acknowledgeeducation.edu.au/,,,,,,,,,,,,,,
00212K,NULL,University of Canberra,Government,https://www.canberra.edu.au,,,,,,,,,,,,,,
00213J,Queensland University of Technology,Queensland University of Technology (QUT),Government,https://www.qut.edu.au/about,,,,,,,,,,,,,,
00300K,Charles Darwin University,Charles Darwin University (CDU),Government,www.cdu.edu.au,,,,,,,,,,,,,,
00586B,NULL,University of Tasmania (UTAS),Government,https://utas.edu.au/international,,,,,,,,,,,,,,
00917K,Western Sydney University,Western Sydney University,Government,https://www.westernsydney.edu.au/,,,,,,,,,,,,,,
01032F,The University of Notre Dame Australia,The University of Notre Dame Australia,Private,https://www.notredame.edu.au/,,,,,,,,,,,,,,
01241G,Southern Cross University,Southern Cross University (SCU),Government,https://www.scu.edu.au/,,,,,,,,,,,,,,
01595D,University of the Sunshine Coast,University of the Sunshine Coast,Government,https://www.usc.edu.au/,,,,,,,,,,,,,,
01774A,Alliance College,ASHT Pty Ltd,Private,https://alliancecollege.edu.au/,,,,,,,,,,,,,,
01796F,Cambridge College Australia; TradeTech Australia,Cambridge Academy of English Pty Ltd,Private,https://vit.edu.au/,,,,,,,,,,,,,,
02044E,VIT (Victorian Institute of Technology),Victorian Institute of Technology Pty Ltd,Private,www.vit.edu.au,,,,,,,,,,,,,,
02439G,"AAPoly, AMI Education",Academies Australasia Polytechnic Pty Limited,Private,http://www.aapoly.edu.au/,,,,,,,,,,,,,,
02491D,"Top Education Institute, Australian National Institute of Management and Commerce",Top Education Group Ltd,Private,https://www.imc.edu.au/,,,,,,,,,,,,,,
02571D,"Universal Business School Sydney (UBSS), Group Colleges Australia",Group Colleges Australia Pty Ltd,Private,https://www.gca.edu.au/,,,,,,,,,,,,,,
02639M,Holmes Institute,Holmes Institute Pty Ltd,Private,https://www.holmes.edu.au/,,,,,,,,,,,,,,
02672K,"Greenwich English College, Greenwich Management College",Greenwich College Pty Ltd,Private,https://www.greenwichcollege.edu.au/,,,,,,,,,,,,,,
02684F,WIN English Centre / WIN College,George Education Group Pty Ltd,Private,https://wincollege.edu.au/,,,,,,,,,,,,,,
02695C,Imagine Education Australia,Imagine Education Australia Pty Ltd as trustee for The Imagine Education Australia Unit Trust,Private,https://www.imagineeducation.com.au/,,,,,,,,,,,,,,
02727M,Holmes Institute,Holmes Institute Pty Ltd,Private,https://www.holmes.edu.au/,,,,,,,,,,,,,,
02767C,Holmes Institute,Holmes Institute Pty Ltd,Private,https://www.holmes.edu.au/,,,,,,,,,,,,,,
02800G,Warwick Institute of Australia Pty Ltd,Warwick Institute of Australia Pty Ltd,Private,https://www.warwick.edu.au/,,,,,,,,,,,,,,
02804C,EQUALS International,EQUALS International (Aust) Pty Ltd,Private,https://equals.edu.au/,,,,,,,,,,,,,,
02856B,Nova Institute of Technology,Nova International Education Pty Ltd,Private,www.novainstitute.net.au,,,,,,,,,,,,,,
02915G,Durban International College,Durban International College Pty Ltd,Private,https://dic.edu.au/,,,,,,,,,,,,,,
02996A,Danford College,Star Gazers Education Pty Ltd,Private,www.danford.edu.au,,,,,,,,,,,,,,
03010G,"Queensford College, Q Learning",Malekhu Investments Pty Ltd,Private,www.queensford.edu.au,,,,,,,,,,,,,,
03029G,Australian Careers College Pty Ltd,Australian Careers College Pty Ltd,Private,www.accollege.edu.au,,,,,,,,,,,,,,
03047E,Stanley College,Stanley International College Pty Ltd,Private,www.stanleycollege.edu.au,,,,,,,,,,,,,,
03048D,Asia Pacific International College,Asia Pacific International College Pty Ltd,Private,www.apicollege.edu.au,,,,,,,,,,,,,,
03071E,"Australian College of Sport & Fitness, Australian Learning Group",Australian Learning Group Pty Ltd,Private,https://alg.edu.au/,,,,,,,,,,,,,,
03093K,Spencer College; Spencer College Pty Ltd,Spencer College Pty Ltd,Private,https://spencercollege.edu.au/,,,,,,,,,,,,,,
03147A,AIH Higher Education,Australian Institute of Higher Education Pty Ltd,Private,www.aih.nsw.edu.au,,,,,,,,,,,,,,
03156M,Apex Australia Vocational Education,Apex Institute of Education Pty Ltd,Private,www.apexaustralia.edu.au,,,,,,,,,,,,,,
03164M,Australian College of Technology and Business Pty Ltd,Australian College of Technology and Business Pty Ltd,Private,www.actb.com.au,,,,,,,,,,,,,,
03217C,Central Australian College,Central Australian Institute of Technology Pty Ltd,Private,https://cac.edu.au/,,,,,,,,,,,,,,
03226B,Brisbane College of Horticulture,BNB International Colleges Pty Ltd,Private,https://bch.edu.au/,,,,,,,,,,,,,,
03256G,NULL,Nortwest Pty Ltd,Private,https://www.nortwest.edu.au/,,,,,,,,,,,,,,
03322B,Academique Pty Ltd,Academique Pty Ltd,Private,http://www.academique.qld.edu.au,,,,,,,,,,,,,,
03328G,Skills Institute Australia,Skilled Services Australia Pty Ltd,Private,https://www.skillsaustralia.edu.au/,,,,,,,,,,,,,,
03386G,Institute of Health and Nursing Australia,Health Careers International Pty Ltd,Private,https://www.hcigroup.com.au/,,,,,,,,,,,,,,
03389E,Torrens University Australia; Torrens University Language Centre; Chifley Business School at Torrens University Australia CBS at Torrens University Australia Blue Mountains International Hotel Management School at Torrens University Australia BMIHMS at To,Torrens University Australia Limited,Private,https://www.torrens.edu.au/,,,,,,,,,,,,,,
03413K,Oceania College of Technology,GLOBAL TRAINING INNOVATIONS PTY. LTD.,Private,www.oct.edu.au,,,,,,,,,,,,,,
03430J,Australia Institute of Business and Technology,Brighton Pacific Pty Ltd,Private,https://aibtglobal.edu.au/,,,,,,,,,,,,,,
03435D,Paragon Polytechnic,Gateway College of Technology Pty Ltd,Private,https://paragon.edu.au/,,,,,,,,,,,,,,
03437B,Australian Technical College Western Australia,Perth Technical College Pty Ltd,Private,https://atc.wa.edu.au/,,,,,,,,,,,,,,
03465J,"The Canberra Training School Pty Ltd, Canberra Business and Technology College",The Canberra Training School Pty. Ltd.,Private,http://cbtc.edu.au/,,,,,,,,,,,,,,
03468F,NULL,Macallan College Pty Ltd,Private,https://macallan.edu.au/,,,,,,,,,,,,,,
03474G,Step Into Training Services (SITS),HCR Constructions Pty Ltd,Private,https://sits.edu.au/,,,,,,,,,,,,,,
03500M,Vibe College,Adore Education Pty Ltd,Private,http://www.vibecollege.edu.au,,,,,,,,,,,,,,
03505F,Griffin College,GRIFFIN COLLEGE OF MANAGEMENT & TECHNOLOGY PTY. LTD.,Private,www.griffin.edu.au,,,,,,,,,,,,,,
03512G,The Centre of Excellence,The Centre of Excellence Pty Ltd,Private,https://www.thecentreofexcellence.com.au/,,,,,,,,,,,,,,
03520G,Frontier Leadership,Frontier Leadership Pty Ltd,Private,https://frontiereducation.edu.au/,,,,,,,,,,,,,,
03548F,"Skills Australia Institute, Western Australia College lnternational",Excellent Accounts Pty Ltd,Private,http://www.skillsaustralia.edu.au/,,,,,,,,,,,,,,
03553J,Albright Institute of Business and Language; Albright Institute of English,ANIT Australia Pty Ltd,Private,http://www.albrightinstitute.edu.au/,,,,,,,,,,,,,,
03556F,Trinity Institute (Australia),Crown Education Pty Ltd,Private,https://trinityinstitute.edu.au/,,,,,,,,,,,,,,
03569A,Australis College,Australis College Pty Ltd,Private,https://aite.edu.au/,,,,,,,,,,,,,,
03581E,Ikon Institute of Australia,Proteus Technologies Pty Ltd,Private,https://ikon.edu.au/,,,,,,,,,,,,,,
03595K,AUSTRALIAN HEALTH AND MANAGEMENT INSTITUTE PTY LTD,AUSTRALIAN HEALTH AND MANAGEMENT INSTITUTE PTY LTD,Private,https://www.ahmi.edu.au/,,,,,,,,,,,,,,
03597G,"Acquire Training Solutions Pty Ltd, Laneway International College",LANEWAY EDUCATION PTY LTD,Private,https://laneway.edu.au/,,,,,,,,,,,,,,
03620C,NULL,Sydney City College of Management Pty Ltd,Private,https://sccm.edu.au/,,,,,,,,,,,,,,
03635G,NULL,Brighton College Pty Ltd,Private,https://brighton.edu.au/,,,,,,,,,,,,,,
03636F,NULL,Lead College Pty Ltd,Private,http://www.leadcollege.edu.au/,,,,,,,,,,,,,,
03639C,Skyline International College,MG Australia Group Pty Ltd,Private,https://sic.edu.au/,,,,,,,,,,,,,,
03690M,Western Sydney College,International College of Australia Pty Ltd,Private,https://overseasstudentsaustralia.com/apps/institutions/institution/international-college-of-australia-pty-ltd/,,,,,,,,,,,,,,
03700C,NULL,Mint Training Pty Ltd,Private,http://www.minttraining.edu.au/,,,,,,,,,,,,,,
03705J,The Institute of International Studies (TIIS),The Institute of International Studies (TIIS) Pty Ltd,Private,https://www.tiis.edu.au/,,,,,,,,,,,,,,
03717E,Richmond School of Business,Richmond School of Business Pty Ltd,Private,www.rsb.edu.au,,,,,,,,,,,,,,
03724F,Australian Polytechnic College,Mondairs PTY LTD,Private,https://australianpolytechnic.edu.au/,,,,,,,,,,,,,,
03732F,"Leaders Institute Pty Ltd, Australian Agribusiness Institute, Australian Business Institute",Leaders Institute Pty Ltd,Private,http://www.leaders.edu.au,,,,,,,,,,,,,,
03753A,Aspen College,Aspen Education Group Pty Ltd,Private,https://www.aspencollege.edu.au/,,,,,,,,,,,,,,
03763K,Adelaide Institute of Higher Education Pty Ltd (AIHE),Adelaide Institute of Higher Education Pty Ltd,Private,www.aihe.sa.edu.au,,,,,,,,,,,,,,
03778C,Southern Academy of Health Sciences,Victorian Institute of Education Pty ltd,Private,www.vie.edu.au,,,,,,,,,,,,,,
03783F,Active Transition Training and Melbourne Metropolitan College,Active Transition Training Pty Ltd,Private,https://mmc.edu.au/,,,,,,,,,,,,,,
03800K,NULL,Australian College of Management and Innovation Pty Ltd,Private,https://acmi.wa.edu.au/,,,,,,,,,,,,,,
03844J,AIBI Higher Education Pty Ltd,Australian Institute of Business Intelligence Pty Ltd,Private,www.aibi.edu.au,,,,,,,,,,,,,,
03854G,Australian Federation College,LEARNVAULT PTY LTD,Private,www.afcollege.edu.au,,,,,,,,,,,,,,
03858C,Astral Skills Institute of Australia and Create Learn & Educate,THE EARLY CHILDHOOD LEARNING COMPANY PTY. LTD.,Private,https://asia.edu.au/,,,,,,,,,,,,,,
03882C,Rockford College,ROCKFORD INTERNATIONAL COLLEGE PTY LTD,Private,www.rockford.edu.au,,,,,,,,,,,,,,
03904B,NULL,Reach Community College Pty Ltd,Private,https://reachcollege.edu.au/,,,,,,,,,,,,,,
03906M,Sydney Met,Sydney Metropolitan Institute of Technology Pty Ltd,Private,http://www.sydneymet.edu.au/,,,,,,,,,,,,,,
03927F,NULL,Highgate International College Pty Ltd,Private,https://hic.edu.au/,,,,,,,,,,,,,,
03932J,ECA College of Health Sciences,ECA Higher Education Institute Pty Ltd,Private,https://chs.edu.au/,,,,,,,,,,,,,,
03944E,Imperial Institute of Sydney,INTERNATIONAL INSTITUTE OF SYDNEY PTY LTD,Private,https://iis.edu.au/,,,,,,,,,,,,,,
03945D,NULL,The Bright College Pty Ltd,Private,https://www.thebrightcollege.edu.au/,,,,,,,,,,,,,,
03951F,Sunbeam International College,Sunbeam International College Pty Ltd,Private,https://sunbeam.edu.au/,,,,,,,,,,,,,,
03956A,NULL,Pioneer College Pty Ltd,Private,https://pioneercollege.edu.au/,,,,,,,,,,,,,,
03967J,APEX Australia Higher Education,Apex Institute of Higher Education Pty Ltd,Private,https://apexhe.nsw.edu.au/,,,,,,,,,,,,,,
04001M,NULL,Brooklyn International College Pty Ltd,Private,https://brooklyn.edu.au/,,,,,,,,,,,,,,
04013G,Australian International Institute of Higher Education,Queensland Institute of Higher Education Pty Ltd,Private,https://www.aiihe.edu.au/,,,,,,,,,,,,,,
04061K,NULL,Britts College Pty Ltd,Private,https://brittscollege.edu.au/,,,,,,,,,,,,,,
04073F,NULL,Daffodil International College Pty Ltd,Private,https://daffodil.edu.au/,,,,,,,,,,,,,,
04078A,Southern Cross Institute (SCI) Pty Ltd,Southern Cross Institute (SCI),Private,https://sci.edu.au/,,,,,,,,,,,,,,
04089J,NULL,Global Healthcare Management College Pty Ltd,Private,https://ghmc.edu.au,,,,,,,,,,,,,,
04090E,Sydney Polytechnic Institute Pty Ltd,Sydney Polytechnic Institute,Private,https://spi.nsw.edu.au/,,,,,,,,,,,,,,
04095M,"The Australian Institute of Professional Counsellors Pty Ltd, AIPC Professional",Australian Institute of Professional Counsellors,Private,https://www.aipc.net.au,,,,,,,,,,,,,,
04096K,NULL,NATIONAL POLYTECHNIC OF AUSTRALIA PTY LTD,Private,https://npa.edu.au,,,,,,,,,,,,,,
04108M,PARAMOUNT COLLEGE,IIVS Pty Ltd,Private,https://www.paramount.edu.au,,,,,,,,,,,,,,
04135H,Sydney College of Professional Education,Sydney College of Professional Education,Private,https://www.scpe.edu.au,,,,,,,,,,,,,,
04142J,Epicure Skills Training Pty Ltd,Epicure Skills Training,Private,https://epicure.edu.au,,,,,,,,,,,,,,
04155D,Hopkins International College,Phia Education Pty Ltd,Private,https://hopkins.edu.au,,,,,,,,,,,,,,
04180C,The Performance College,The Performance College Pty Ltd,Private,https://tpc.edu.au,,,,,,,,,,,,,,
04202B,Southern Academy of Higher Education,Southern Academy of Higher Education Pty Ltd,Private,https://sahe.nsw.edu.au/,,,,,,,,,,,,,,
04265J,Nova Anglia College Pty Ltd,Nova Anglia College Pty Ltd,Private,https://www.nac.edu.au/,,,,,,,,,,,,,,
04311H,Englishwise Global,Language Savvy Pty Ltd,Private,https://englishwiseglobal.qld.edu.au/,,,,,,,,,,,,,,
03016A,Taylor Weir School of Hairdressing; Academy of International Hairdressing,School of Hairdressing Pty Ltd,Private,www.taylorweir.com.au,,,,,,,,,,,,,,
03222F,NULL,Australian Health and Science Institute Pty Ltd,Private,http://www.ahsi.edu.au,,,,,,,,,,,,,,
03567C,Engineering Institute of Technology Pty Ltd,Engineering Institute of Technology Pty Ltd,Private,www.eit.edu.au,,,,,,,,,,,,,,
03751C,Australasia Technology Institute,Australian International Education Centre Pty Ltd,Private,https://atinstitute.edu.au/,,,,,,,,,,,,,,
03835K,Canberra Institute of Education and Technology,Radix Education Pty Ltd,Private,https://ciet.edu.au/,,,,,,,,,,,,,,
03989C,Valley International College,Valley International Pty Ltd,Private,https://valleycollege.edu.au/,,,,,,,,,,,,,,
04021G,NULL,Alice Springs College of Australia Pty Ltd,Private,http://www.asca.edu.au/,,,,,,,,,,,,,,
04062J,Auscanus Institute of Australia,Auscanus Institute of Australia Pty Ltd,Private,www.auscanus.edu.au,,,,,,,,,,,,,,
04261B,KENTFORD COLLEGE,Kentford International College Pty Ltd,Private,https://www.kentford.edu.au/,,,,,,,,,,,,,,
00001K,NULL,Canberra Institute of Technology,Government,https://international.cit.edu.au/,,,,,,,,,,,,,,
00002J,Macquarie University,Macquarie University (Macquarie),Government,www.mq.edu.au,,,,,,,,,,,,,,
00003G,University of New England,University of New England,Government,www.une.edu.au,,,,,,,,,,,,,,
00008C,Monash University,Monash University (Monash),Government,www.monash.edu.au,,,,,,,,,,,,,,
00011G,NULL,Gordon Institute of TAFE,Government,http://www.gordontafe.edu.au/,,,,,,,,,,,,,,
00012G,"Holmesglen, Holmesglen Institute",Holmesglen Institute,Government,www.holmesglen.edu.au,,,,,,,,,,,,,,
00017B,Bond University Limited,Bond University,Private,http://www.bond.edu.au/,,,,,,,,,,,,,,
00018A,South Australian Government Schools,Department for Education,Government,http://www.internationalstudents.sa.edu.au,,,,,,,,,,,,,,
00020G,TAFE International Western Australia,Department of Training and Workforce Development,Government,http://www.tafeinternational.wa.edu.au/,,,,,,,,,,,,,,
00025B,The University of Queensland,The University of Queensland,Government,www.uq.edu.au,,,,,,,,,,,,,,
00026A,The University of Sydney,The University of Sydney,Government,http://sydney.edu.au,,,,,,,,,,,,,,
00051M,ELC Career College,ELC Career College Pty Ltd,Private,www.elc.edu.au,,,,,,,,,,,,,,
00057E,Alexander Language School,Alexander Language School Pty Ltd,Private,www.sgis.wa.edu.au,,,,,,,,,,,,,,
00092B,TAFE South Australia,TAFE SA,Government,http://www.tafesa.edu.au/international,,,,,,,,,,,,,,
00094M,NULL,South Australian College of English Pty Ltd,Private,http://www.sacecoll.sa.edu.au,,,,,,,,,,,,,,
00098G,UNSW Sydney,The University of New South Wales (UNSW),Government,www.unsw.edu.au,,,,,,,,,,,,,,
00099F,University of Technology Sydney (UTS),University of Technology Sydney (UTS),Government,www.uts.edu.au,,,,,,,,,,,,,,
00102E,University of Wollongong,University of Wollongong (UoW),Government,www.uow.edu.au,,,,,,,,,,,,,,
00111D,NULL,Swinburne University of Technology,Government,https://www.swinburne.edu.au/international,,,,,,,,,,,,,,
00114A,NULL,Flinders University,Government,http://www.flinders.edu.au/,,,,,,,,,,,,,,
00115M,La Trobe University,La Trobe University (La Trobe),Government,http://www.latrobe.edu.au/international,,,,,,,,,,,,,,
00116K,NULL,The University of Melbourne (UniMelb),Government,http://www.unimelb.edu.au/,,,,,,,,,,,,,,
00121B,NULL,University of South Australia (UniSA),Government,www.unisa.edu.au,,,,,,,,,,,,,,
00122A,RMIT University (RMIT),Royal Melbourne Institute of Technology,Government,www.rmit.edu.au,,,,,,,,,,,,,,
00125J,Murdoch University,Murdoch University (Murdoch),Government,www.murdoch.edu.au,,,,,,,,,,,,,,
00126G,The University of Western Australia,The University of Western Australia (UWA),Government,http://www.uwa.edu.au/,,,,,,,,,,,,,,
00129E,Ballarat Grammar,Ballarat and Queen's Anglican Grammar School,Private,www.bgs.vic.edu.au,,,,,,,,,,,,,,
00131M,Billanook College,Billanook College Limited,Private,www.billanook.vic.edu.au,,,,,,,,,,,,,,
00132K,Brighton Grammar School,Brighton Grammar School,Private,http://www.brightongrammar.vic.edu.au/,,,,,,,,,,,,,,
00134G,The Camberwell Grammar School,The Camberwell Grammar School,Private,http://www.cgs.vic.edu.au/,,,,,,,,,,,,,,
00135G,Carey Baptist Grammar School,Carey Baptist Grammar School Limited,Private,www.carey.com.au,,,,,,,,,,,,,,
00136F,Caulfield Grammar School,Caulfield Grammar School,Private,http://www.caulfieldgs.vic.edu.au/,,,,,,,,,,,,,,
00138D,Eltham College,Eltham College,Private,http://www.elthamcollege.vic.edu.au/,,,,,,,,,,,,,,
00139C,Fintona Girls School,Fintona Girls School,Private,http://www.fintona.vic.edu.au/,,,,,,,,,,,,,,
00140K,Firbank Grammar,Firbank Grammar School,Private,www.firbank.vic.edu.au,,,,,,,,,,,,,,
00141J,Camberwell Girls' Grammar School,Camberwell Anglican Girls' Grammar School,Private,www.cggs.vic.edu.au,,,,,,,,,,,,,,
00142G,The Geelong College,The Geelong College,Private,http://www.geelongcollege.vic.edu.au/,,,,,,,,,,,,,,
00143G,Geelong Grammar School,Geelong Grammar School,Private,www.ggs.vic.edu.au,,,,,,,,,,,,,,
00144F,The Hamilton and Alexandra College,The Hamilton and Alexandra College,Private,http://www.hamiltoncollege.vic.edu.au/,,,,,,,,,,,,,,
00145E,Huntingtower School,Huntingtower School Association,Private,http://www.huntingtower.vic.edu.au/,,,,,,,,,,,,,,
00147C,Ivanhoe Grammar School,The Ivanhoe Grammar School,Private,http://www.ivanhoe.com.au,,,,,,,,,,,,,,
00149A,Kilvington Grammar School,Kilvington Grammar School Limited,Private,http://www.kilvington.vic.edu.au/,,,,,,,,,,,,,,
00150G,Kingswood College,Kingswood College Limited,Private,www.kingswoodcollege.vic.edu.au,,,,,,,,,,,,,,
00151G,The Knox School,The Knox School Limited,Private,http://www.knox.vic.edu.au/,,,,,,,,,,,,,,
00152F,Lauriston Girls' School,Lauriston Girls' School,Private,http://lauriston.vic.edu.au/,,,,,,,,,,,,,,
00172B,Mercury Colleges Pty Ltd,Mercury Colleges Pty. Limited,Private,www.mercurycolleges.nsw.edu.au,,,,,,,,,,,,,,
00181A,"The Sydney Business & Travel Academy, Sydney English Language Academy",Lan-Grove Office Training Centre Pty Ltd,Private,www.sbta.com.au,,,,,,,,,,,,,,
00202A,"Cairns Business College Limited, Cairns College of Education",Cairns Business College Limited,Private,www.cbcaustralia.com,,,,,,,,,,,,,,
00219C,Central Queensland University,Central Queensland University,Government,www.cqu.edu.au,,,,,,,,,,,,,,
00231G,"Endeavour College of Natural Health, College of Natural Beauty, FIAFitnation",Australian College of Natural Medicine Pty Ltd,Private,www.endeavour.edu.au,,,,,,,,,,,,,,
00233E,Griffith University,Griffith University,Government,www.griffith.edu.au,,,,,,,,,,,,,,
00244B,University of Southern Queensland,University of Southern Queensland,Government,http://www.usq.edu.au/study/international,,,,,,,,,,,,,,
00246M,"Think Education, APM College of Business and Communication, Australasian College of Natural Therapies, Billy Blue College of Design, Jansen Newman Institute, Southern School of Natural Therapies, William Blue College of Hospitality Management, Australian",Think: Colleges Pty Ltd,Private,www.think.edu.au,,,,,,,,,,,,,,
00279B,Edith Cowan University,Edith Cowan University,Government,www.ecu.edu.au,,,,,,,,,,,,,,
00301J,Curtin University,Curtin University,Government,www.curtin.edu.au,,,,,,,,,,,,,,
00322D,Melbourne Girls Grammar,Melbourne Girls Grammar - An Anglican School,Private,www.mggs.vic.edu.au,,,,,,,,,,,,,,
00324B,Mentone Girls Grammar School,Mentone Girls Grammar School,Private,www.mentonegirls.vic.edu.au,,,,,,,,,,,,,,
00325A,Methodist Ladies College,Methodist Ladies' College Limited,Private,www.mlc.vic.edu.au,,,,,,,,,,,,,,
00331C,Oxley Christian College,Life Ministry Centre Limited,Private,www.oxley.vic.edu.au,,,,,,,,,,,,,,
00333A,Peninsula Grammar,The Peninsula School,Private,www.tps.vic.edu.au,,,,,,,,,,,,,,
00334M,Presbyterian Ladies' College,Presbyterian Ladies' College,Private,www.plc.vic.edu.au,,,,,,,,,,,,,,
00340B,Gippsland Grammar School,Gippsland Grammar,Private,www.gippslandgs.vic.edu.au,,,,,,,,,,,,,,
00341A,King's Christian College,King's Christian Education Ltd.,Private,www.kingscollege.qld.edu.au,,,,,,,,,,,,,,
00343K,St Leonard's College,St Leonard's College,Private,www.stleonards.vic.edu.au,,,,,,,,,,,,,,
00344J,St Margaret's Berwick Grammar,St Margaret's School,Private,www.stmargarets.vic.edu.au,,,,,,,,,,,,,,
00345G,St Michael's Grammar,St Michael's Grammar School,Private,www.stmichaels.vic.edu.au,,,,,,,,,,,,,,
00348E,Tintern Grammar,Tintern Grammar,Private,www.tintern.vic.edu.au,,,,,,,,,,,,,,
00349D,Toorak College,Toorak College,Private,www.toorakcollege.vic.edu.au,,,,,,,,,,,,,,
00350M,Trinity Grammar School,Trinity Grammar School Kew,Private,www.trinity.vic.edu.au,,,,,,,,,,,,,,
00354G,Wesley College Melbourne,Wesley College Melbourne,Private,www.wesleycollege.edu.au/,,,,,,,,,,,,,,
00355F,Westbourne Grammar School,Westbourne Grammar School,Private,www.westbournegrammar.com,,,,,,,,,,,,,,
00356E,Yarra Valley Grammar,Yarra Valley Grammar School,Private,www.yvg.vic.edu.au,,,,,,,,,,,,,,
00360J,Concordia College,Concordia College Inc,Private,www.concordia.sa.edu.au,,,,,,,,,,,,,,
00362G,NULL,Immanuel College,Private,www.immanuel.sa.edu.au,,,,,,,,,,,,,,
00365D,NULL,Mercedes College Springfield,Private,www.mercedes.catholic.edu.au,,,,,,,,,,,,,,
00366C,Muirden Senior College,Muirden Senior Secondary College,Private,www.muirden.sa.edu.au,,,,,,,,,,,,,,
00367B,Pembroke School Inc,Pembroke School Inc,Private,www.pembroke.sa.edu.au,,,,,,,,,,,,,,
00368A,NULL,Prince Alfred College Inc,Private,https://pac.edu.au/,,,,,,,,,,,,,,
00369M,NULL,Pulteney Grammar School,Private,NULL,,,,,,,,,,,,,,
00371F,NULL,St Aloysius College,Private,www.sac.sa.edu.au,,,,,,,,,,,,,,
00373D,St Peter's Girls' School,St Peter's Collegiate Girls' School,Private,www.stpetersgirls.sa.edu.au,,,,,,,,,,,,,,
00374C,NULL,Trinity College - North,Private,NULL,,,,,,,,,,,,,,
00375B,Wilderness School Limited,Wilderness School,Private,www.wilderness.com.au,,,,,,,,,,,,,,
00379J,St Paul's International College,St Paul's International College,Private,www.spic.nsw.edu.au,,,,,,,,,,,,,,
00380E,Ascham School,Ascham School Ltd,Private,www.ascham.nsw.edu.au,,,,,,,,,,,,,,
00382C,Georges River Grammar,Georges River Grammar School Ltd,Private,https://grg.nsw.edu.au/,,,,,,,,,,,,,,
00399E,Knox Grammar School,Knox Grammar School,Private,www.knox.nsw.edu.au,,,,,,,,,,,,,,
00401E,Masada College,Masada College,Private,www.masada.nsw.edu.au,,,,,,,,,,,,,,
00415K,Redeemer Baptist School,Redeemer Baptist School Ltd,Private,www.redeemer.nsw.edu.au,,,,,,,,,,,,,,
00428E,Aquinas College,Edmund Rice Education Australia Colleges Ltd,Private,www.aquinas.wa.edu.au,,,,,,,,,,,,,,
00431K,Bunbury Cathedral Grammar School,Bunbury Cathedral Grammar School Inc,Private,www.bcgs.wa.edu.au,,,,,,,,,,,,,,
00433G,Christ Church Grammar School,Christ Church Grammar School Inc,Private,www.ccgs.wa.edu.au,,,,,,,,,,,,,,
00437D,Guildford Grammar School,Guildford Grammar School Inc,Private,www.ggs.wa.edu.au,,,,,,,,,,,,,,
00438C,Hale School,The Governors of Hale School,Private,www.hale.wa.edu.au,,,,,,,,,,,,,,
00441G,Methodist Ladies' College,Methodist Ladies' College,Private,www.mlc.wa.edu.au,,,,,,,,,,,,,,
00444E,Penrhos College,Penrhos College,Private,www.penrhos.wa.edu.au,,,,,,,,,,,,,,
00445D,Perth College,Perth College Inc,Private,www.pc.wa.edu.au,,,,,,,,,,,,,,
00447B,Presbyterian Ladies' College,Presbyterian Ladies College Incorporated,Private,www.plc.wa.edu.au,,,,,,,,,,,,,,
00449M,Scotch College,Scotch College,Private,www.scotch.wa.edu.au,,,,,,,,,,,,,,
00451F,St Brigid's College; St Brigid's College - A Ministry of Mercy Education,Mercy Education Limited,Private,www.stbrigids.wa.edu.au,,,,,,,,,,,,,,
00452E,St Hilda's Anglican School for Girls,St Hilda's Anglican School for Girls Inc.,Private,www.sthildas.wa.edu.au,,,,,,,,,,,,,,
00454C,St Marys Anglican Girls' School,St Mary's Anglican Girls' School Inc,Private,www.stmarys.wa.edu.au,,,,,,,,,,,,,,
00460E,Wesley College,Wesley College,Private,www.wesley.wa.edu.au,,,,,,,,,,,,,,
00463B,Canning College,Canning College,Government,www.canningcollege.wa.edu.au,,,,,,,,,,,,,,
00466K,NULL,St John's Catholic College,Private,NULL,,,,,,,,,,,,,,
00477G,The Friends' School,The Friends' School Incorporated,Private,www.friends.tas.edu.au,,,,,,,,,,,,,,
00478F,The Hutchins School,HUTCHINS SCHOOL BOARD OF MANAGEMENT,Private,www.hutchins.tas.edu.au,,,,,,,,,,,,,,
00482K,St Michael's Collegiate School,ST MICHAEL'S COLLEGIATE SCHOOL,Private,www.collegiate.tas.edu.au,,,,,,,,,,,,,,
00487E,Anglican Church Grammar School,The Corporation of the Synod of the Diocese of Brisbane,Private,NULL,,,,,,,,,,,,,,
00488D,Blackheath and Thornburgh College,Blackheath and Thornburgh College,Private,www.btc.qld.edu.au,,,,,,,,,,,,,,
00489C,Brisbane Grammar School,Board of Trustees of the Brisbane Grammar School,Private,www.brisbanegrammar.com,,,,,,,,,,,,,,
00491J,Brisbane Boys' College,The Presbyterian and Methodist Schools Association,Private,NULL,,,,,,,,,,,,,,
00494F,Downlands College,Downlands College Ltd,Private,NULL,,,,,,,,,,,,,,
00496D,The Glennie School,The Corporation of the Synod of the Diocese of Brisbane - The Glennie School,Private,NULL,,,,,,,,,,,,,,
00499A,Ipswich Grammar School,Board of Trustees of the Ipswich Grammar School,Private,www.ipswichgrammar.com,,,,,,,,,,,,,,
00500B,"John Paul College, John Paul International College",John Paul College Limited,Private,NULL,,,,,,,,,,,,,,
00503K,Lourdes Hill College,Lourdes Hill College,Private,www.lhc.qld.edu.au,,,,,,,,,,,,,,
00506G,The Cathedral College,The Roman Catholic Trust Corporation for the Diocese of Rockhampton,Private,www.tccr.com.au,,,,,,,,,,,,,,
00507F,Rockhampton Grammar School; The Rockhampton English Language Academy,Board of Trustees of the Rockhampton Grammar School,Private,www.rgs.qld.edu.au,,,,,,,,,,,,,,
00508E,Rockhampton Girls' Grammar School,Board of the Trustees of the Rockhampton Girls' Grammar School,Private,www.rggs.qld.edu.au,,,,,,,,,,,,,,
00509D,St Augustine's College,The Roman Catholic Trust Corporation for the Diocese of Cairns,Private,www.sac.qld.edu.au,,,,,,,,,,,,,,
00510M,St Hilda's School,The Corporation of the Synod of the Diocese of Brisbane - St Hilda's School,Private,NULL,,,,,,,,,,,,,,
00511K,St Margaret's Anglican Girls School,St Margaret's School Council Ltd,Private,www.stmagarets.qld.edu.au,,,,,,,,,,,,,,
00515F,St Paul's School,The Corporation of the Synod of the Diocese of Brisbane,Private,www.stpauls.qld.edu.au,,,,,,,,,,,,,,
00516E,St Peters Lutheran College,Lutheran Church of Australia - Queensland District,Private,www.stpeters.qld.edu.au,,,,,,,,,,,,,,
00517D,St Saviour's College,Corporation of the Roman Catholic Diocese of Toowoomba,Private,www.ssctwb.catholic.edu.au,,,,,,,,,,,,,,
00521G,Somerset College,Somerset College Limited,Private,www.somerset.qld.edu.au,,,,,,,,,,,,,,
00522G,Somerville House,The Presbyterian and Methodist Schools Association,Private,www.somerville.qld.edu.au,,,,,,,,,,,,,,
00523F,The Southport School,The Corporation of the Synod of the Diocese of Brisbane,Private,www.tss.qld.edu.au,,,,,,,,,,,,,,
00524E,Stuartholme School,Stuartholme School,Private,www.stuartholme.com,,,,,,,,,,,,,,
00525D,Toowoomba Grammar School,Board of Trustees of the Toowoomba Grammar School,Private,www.twgs.qld.edu.au,,,,,,,,,,,,,,
00533D,Ipswich Girls' Grammar School including Ipswich Junior Grammar School,Board of Trustees of the Ipswich Girls' Grammar School,Private,www.iggs.qld.edu.au,,,,,,,,,,,,,,
00537M,The SCOTS PGC College,The Uniting Church in Australia Property Trust (Q.),Private,www.scotspgc.qld.edu.au,,,,,,,,,,,,,,
00539J,Suncoast Christian College,Christian Outreach Centre,Private,www.suncoastcc.qld.edu.au,,,,,,,,,,,,,,
00540E,Bethel Christian School,Bethel Christian School Limited,Private,www.bethel.nsw.edu.au,,,,,,,,,,,,,,
00544A,Kinross Wolaroi School,Kinross Wolaroi School,Private,www.kws.nsw.edu.au,,,,,,,,,,,,,,
00553M,St Philip's Christian College - Gosford; St Philip's Christian College - Port Stephens; St Philip's Christian College - Waratah,St Philip's Christian Education Foundation Ltd,Private,www.spcc.nsw.edu.au,,,,,,,,,,,,,,
00557G,Ballarat Clarendon College,Ballarat and Clarendon College,Private,NULL,,,,,,,,,,,,,,
00558F,NULL,Loyola College,Private,www.loyola.vic.edu.au,,,,,,,,,,,,,,
00561M,Eynesbury College/Eynesbury Institute of Business and Technology/Eynesbury College Academy of English/Eynesbury/Eynesbury International,Educational Enterprises Australia Pty Ltd,Private,www.eynesbury.navitas.com,,,,,,,,,,,,,,
00563J,NULL,Walford Anglican School for Girls,Private,walford.net.au,,,,,,,,,,,,,,
00564G,Townsville Grammar School,Board of Trustees of the Townsville Grammar School,Private,www.tgs.qld.edu.au,,,,,,,,,,,,,,
00572G,St Joseph's Nudgee College,Edmund Rice Education Australia Colleges Ltd,Private,www.nudgee.com,,,,,,,,,,,,,,
00574F,St. Catherine's School,St. Catherine's School,Private,www.stcatherines.net.au,,,,,,,,,,,,,,
00577C,Strathcona Baptist Girls Grammar School,Strathcona Baptist Girls Grammar School Limited,Private,www.strathcona.vic.edu.au,,,,,,,,,,,,,,
00578B,Heathdale Christian College,Heathdale Christian College Limited,Private,www.heathdale.vic.edu.au,,,,,,,,,,,,,,
00580G,NULL,Canberra Grammar School,Private,www.cgs.act.edu.au,,,,,,,,,,,,,,
00581G,Concordia Lutheran College,Lutheran Church of Australia - Queensland District,Private,NULL,,,,,,,,,,,,,,
00588M,NSW Department of Education (Schools),NSW Department of Education,Government,www.deinternational.nsw.edu.au,,,,,,,,,,,,,,
00591E,TAFE NSW Technical and Further Education Commission; TAFE NSW Higher Education,Technical and Further Education Commission,Government,https://www.tafensw.edu.au/international,,,,,,,,,,,,,,
00602G,Westminster School Inc,Westminster School Inc,Private,www.westminster.sa.edu.au,,,,,,,,,,,,,,
00603F,NULL,Saint Ignatius' College,Private,www.ignatius.sa.edu.au,,,,,,,,,,,,,,
00608A,Education Queensland International,Department of Education,Government,www.eqi.com.au,,,,,,,,,,,,,,
00615B,NULL,Scotch College,Private,www.scotch.sa.edu.au,,,,,,,,,,,,,,
00617M,Monivae College,Monivae College,Private,www.monivae.com.au,,,,,,,,,,,,,,
00624A,Scotch College,Scotch College,Private,www.scotch.vic.edu.au,,,,,,,,,,,,,,
00628G,NULL,Seymour College Inc,Private,www.seymour.sa.edu.au,,,,,,,,,,,,,,
00629G,NULL,Loreto College,Private,www.loreto.sa.edu.au,,,,,,,,,,,,,,
00643J,NULL,ACT Education Directorate,Government,NULL,,,,,,,,,,,,,,
00649C,Haileybury College,Haileybury,Private,www.haileybury.vic.edu.au,,,,,,,,,,,,,,
00650K,Launceston Church Grammar School,LAUNCESTON CHURCH GRAMMAR SCHOOL,Private,www.lcgs.tas.edu.au,,,,,,,,,,,,,,
00670F,Marist College Ashgrove,Marist Schools Australia Limited,Private,www.marash.qld.edu.au,,,,,,,,,,,,,,
00712A,Toowoomba Anglican School,The Corporation of the Synod of the Diocese of Brisbane,Private,www.taschool.qld.edu.au,,,,,,,,,,,,,,
00713M,SCECGS Redlands,SCECGS Redlands Limited,Private,www.redlands.nsw.edu.au,,,,,,,,,,,,,,
00715J,St James College,Edmund Rice Education Australia Colleges Ltd,Private,www.stjamescollege.qld.edu.au,,,,,,,,,,,,,,
00724G,Melbourne Polytechnic,Melbourne Polytechnic,Government,http://www.melbournepolytechnic.edu.au/,,,,,,,,,,,,,,
00745C,Aranmore Catholic College,Catholic Education Western Australia Limited,Private,www.aranmore.wa.edu.au,,,,,,,,,,,,,,
00765K,Ursula Frayne Catholic College,Catholic Education Western Australia Limited,Private,www.ursulafrayne.wa.edu.au,,,,,,,,,,,,,,
00770B,Trinity Anglican School,Trinity Anglican School Ltd,Private,www.tas.qld.edu.au,,,,,,,,,,,,,,
00772M,SHORE - Sydney Church of England Grammar School,Sydney Church of England Grammar School Council,Private,www.shore.nsw.edu.au,,,,,,,,,,,,,,
00780M,NULL,Department of Education and Training,Government,www.education.nt.gov.au,,,,,,,,,,,,,,
00861K,Department of Education,Department of Education,Government,http://www.study.vic.gov.au,,,,,,,,,,,,,,
00871G,St Aloysius College,MERCY EDUCATION LIMITED,Private,www.aloysius.vic.edu.au,,,,,,,,,,,,,,
00874E,St Joseph's College,St Joseph's College,Private,www.stjosephs.com.au,,,,,,,,,,,,,,
00878A,Trinity Lutheran College,Lutheran Church of Australia - Queensland District,Private,www.tlc.qld.edu.au,,,,,,,,,,,,,,
00881F,Chisholm Institute,Chisholm Institute,Government,http://chisholm.edu.au,,,,,,,,,,,,,,
00897J,Pittwater House Schools,The Pittwater House Schools Ltd,Private,www.pittwaterhouse.com.au,,,,,,,,,,,,,,
00898G,"Melbourne School of Fashion, Holmes Commercial Colleges, Holmes Grammar School",Holmes Commercial Colleges (Melbourne) Limited,Private,www.holmesinstitute.edu.au,,,,,,,,,,,,,,
00902F,A B Paterson College,A B Paterson College Limited,Private,www.abpat.qld.edu.au,,,,,,,,,,,,,,
00923A,Redlands College,Redlands College Ltd,Private,www.redlands.qld.edu.au,,,,,,,,,,,,,,
00958A,Alphacrucis College,Alphacrucis University College Limited,Private,http://ac.edu.au,,,,,,,,,,,,,,
00959M,The Cathedral School of St Anne and St James,The Cathedral School of St Anne and St James,Private,www.cathedral.qld.edu.au,,,,,,,,,,,,,,
00972C,St Laurence's College,Edmund Rice Education Australia Colleges Ltd,Private,www.slc.qld.edu.au,,,,,,,,,,,,,,
00974A,Ivanhoe Girls Grammar School,The Ivanhoe Girls Grammar School,Private,www.ivanhoegirls.vic.edu.au,,,,,,,,,,,,,,
00977J,Melbourne Grammar School,Melbourne Grammar School,Private,www.mgs.vic.edu.au,,,,,,,,,,,,,,
00978G,Gilson College,Seventh-Day Adventist Schools (Victoria) Limited,Private,www.gilsoncollege.vic.edu.au,,,,,,,,,,,,,,
00979G,All Saints Anglican School Limited,All Saints Anglican School Limited,Private,www.asas.qld.edu.au,,,,,,,,,,,,,,
00986G,"Perth Bible College, Asia-Pacific School of Pastoral Care and Counselling",Perth Bible College (Inc),Private,www.pbc.wa.edu.au,,,,,,,,,,,,,,
00992K,Australian Islamic College (Perth); Australian Islamic College (North of the River); Australian Islamic College (Kewdale);,Australian Islamic College (Perth) Inc,Private,www.aic.wa.edu.au,,,,,,,,,,,,,,
00993J,Whitsunday Anglican School,Whitsunday Anglican School Limited,Private,www.was.qld.edu.au,,,,,,,,,,,,,,
00996F,Citipointe Christian College and Citipointe Christian College International,Christian Outreach Centre,Private,www.citipointe.qld.edu.au,,,,,,,,,,,,,,
01016F,Christian Heritage College,Christian Heritage College,Private,www.chc.edu.au,,,,,,,,,,,,,,
01020K,UNSW College,UNSW Global Pty Limited,Private,www.unswcollege.edu.au,,,,,,,,,,,,,,
01022G,Korowa Anglican Girls' School,Korowa Anglican Girls School,Private,www.korowa.vic.edu.au,,,,,,,,,,,,,,
01043C,Hillcrest Christian College,Hillcrest Christian College Limited,Private,www.hillcrest.qld.edu.au,,,,,,,,,,,,,,
01095B,Mueller College,Mueller College Ltd,Private,www.mueller.qld.edu.au,,,,,,,,,,,,,,
01097M,Nazareth College,Nazareth College,Private,www.nazareth.vic.edu.au,,,,,,,,,,,,,,
01100K,Girton Grammar School,Girton Grammar School Ltd,Private,www.girton.vic.edu.au,,,,,,,,,,,,,,
01102G,NULL,St Dominic's Priory College,Private,https://stdominics.sa.edu.au/,,,,,,,,,,,,,,
01194K,St Aidan's Anglican Girls School,St Aidan's School Council Ltd,Private,www.staidans.qld.edu.au,,,,,,,,,,,,,,
01218G,Bendigo TAFE; and Kangan Institute,Bendigo Kangan Institute,Government,www.kangan.edu.au,,,,,,,,,,,,,,
01220B,Mackillop Catholic Regional College,Mackillop Catholic Regional College,Private,www.mackillop.vic.edu.au,,,,,,,,,,,,,,
01248A,Rivermount College,Rivermount Education Ltd,Private,www.rivermount.net,,,,,,,,,,,,,,
01260E,Peace Lutheran College,Lutheran Church of Australia Queensland District,Private,www.plc.qld.edu.au,,,,,,,,,,,,,,
01294F,NULL,Canberra Girls' Grammar School,Private,www.cggs.act.edu.au,,,,,,,,,,,,,,
01312J,Edith Cowan College,Edith Cowan College Pty Ltd,Private,www.edithcowancollege.edu.au,,,,,,,,,,,,,,
01317D,St Luke's Anglican School,The Corporation of the Synod of the Diocese of Brisbane,Private,www.stlukes.qld.edu.au,,,,,,,,,,,,,,
01328A,"Australian College of Applied Professions, ACAP University College",ACAP University College,Private,www.acap.edu.au,,,,,,,,,,,,,,
01329M,West Moreton Anglican College,The Corporation of the Synod of the Diocese of Brisbane,Private,www.wmac.com.au,,,,,,,,,,,,,,
01331F,"Australian Pacific College, Southern Cross High School, English Unlimited Sydney, English Unlimited Melbourne",Young Rabbit Pty Ltd,Private,www.apc.edu.au,,,,,,,,,,,,,,
01376D,NULL,Alphington Grammar School,Private,www.alphington.vic.edu.au,,,,,,,,,,,,,,
01378B,Northpine Christian College,Seventh-day Adventist Schools (South Queensland) Ltd,Private,northpine.adventistconnect.org,,,,,,,,,,,,,,
01406C,St John's International College and St John's Anglican College,FSAC Ltd,Private,www.stjohnsanglicancollege.com.au,,,,,,,,,,,,,,
01434K,Caloundra Christian College,Caloundra Christian College Limited,Private,www.calcc.qld.edu.au,,,,,,,,,,,,,,
01457C,Immanuel Lutheran College,Lutheran Church of Australia - Queensland District,Private,www.immanuel.qld.edu.au,,,,,,,,,,,,,,
01461G,Nambour Christian College,Nambour Christian College Ltd,Private,www.ncc.qld.edu.au,,,,,,,,,,,,,,
01488G,St Andrew's Greek Orthodox Grammar School,Hellenic Community of WA Inc,Private,www.sag.wa.edu.au,,,,,,,,,,,,,,
01497F,"The Illawarra Business College, Australian College of Hospitality, AUSTRALIAN COLLEGE OF COMMUNITY SERVICES,Australian College of Community Care",Focal Holdings Pty Ltd,Private,www.tibc.nsw.edu.au,,,,,,,,,,,,,,
01502C,Kardinia International College,Kardinia International College (Geelong) Ltd,Private,www.kardinia.vic.edu.au,,,,,,,,,,,,,,
01529C,Lake Joondalup Baptist College,The Lake Joondalup Baptist College Inc,Private,www.ljbc.wa.edu.au,,,,,,,,,,,,,,
01535E,St Peter's College,The Anglican Church of Australia Collegiate School of Saint Peter,Private,www.stpeters.sa.edu.au,,,,,,,,,,,,,,
01536D,NULL,Prescott College Southern,Private,www.prescott.sa.edu.au,,,,,,,,,,,,,,
01545C,MIT - Melbourne Institute of Technology,Melbourne Institute of Technology Pty Ltd,Private,http://www.mit.edu.au,,,,,,,,,,,,,,
01576G,Sydney Institute of Business and Technology,Sydney Institute of Business and Technology Pty Ltd,Private,www.sibt.nsw.edu.au,,,,,,,,,,,,,,
01577F,Quinns Baptist College,Australian Baptist Education Inc,Private,www.qbc.wa.edu.au,,,,,,,,,,,,,,
01589B,Bedford College,Baptist Business College Ltd,Private,www.bedford.edu.au,,,,,,,,,,,,,,
01590J,Deakin College,Melbourne Institute of Business & Technology Pty Ltd,Private,www.deakincollege.edu.au,,,,,,,,,,,,,,
01592G,Fraser Coast Anglican College,The Corporation of the Synod of the Diocese of Brisbane - Fraser Coast Anglican College,Private,www.fcac.qld.edu.au,,,,,,,,,,,,,,
01609C,Canterbury College,Canterbury College Limited,Private,www.canterbury.qld.edu.au,,,,,,,,,,,,,,
01611J,Prescott College,Prescott College,Private,www.prescott.sa.edu.au,,,,,,,,,,,,,,
01645K,NULL,Woodcroft College,Private,http://www.woodcroft.sa.edu.au,,,,,,,,,,,,,,
01664G,Heights College,Heights College Ltd,Private,www.heights.qld.edu.au,,,,,,,,,,,,,,
01688K,Kennedy Baptist College,Kennedy Baptist College Association Inc.,Private,www.kennedy.wa.edu.au,,,,,,,,,,,,,,
01723A,Department of Education,Department of Education,Government,www.tafeinternational.wa.edu.au,,,,,,,,,,,,,,
01737F,"Griffith College, QIBT",Queensland Institute of Business and Technology Pty Ltd,Private,www.griffithcollege.edu.au,,,,,,,,,,,,,,
01748C,Matthew Flinders Anglican College,Matthew Flinders Anglican College Limited,Private,www.mfac.edu.au,,,,,,,,,,,,,,
01751G,NULL,Tenison Woods College,Private,www.tenison.adl.catholic.edu.au,,,,,,,,,,,,,,
01812M,NULL,Melbourne Rudolf Steiner Seminar Limited,Private,http://steinerseminar.net.au/,,,,,,,,,,,,,,
01822J,The Australian College of Physical Education,ACPE Limited,Private,www.acpe.edu.au,,,,,,,,,,,,,,
01850E,Victoria Park Christian School,Seventh-day Adventist Schools (Western Australia) Limited,Private,www.victoriaparkchristianschool.wa.edu.au,,,,,,,,,,,,,,
01854A,"Massage Schools of Queensland, Dentos Pet Stylist Academy, Dentos School of Management, Spa Training Academy of Australia",Dentos Pty Ltd,Private,www.massageschools.com.au,,,,,,,,,,,,,,
01855M,Kingsway Christian College,Kingsway Christian Education Association Inc.,Private,www.kingsway.wa.edu.au,,,,,,,,,,,,,,
01859G,"Headmasters Advanced Academy Training, Beautymasters, Fashionmasters",Headmasters Academy Pty Ltd,Private,www.headmasters.com.au,,,,,,,,,,,,,,
01884F,Dance Factory Pty Ltd,Dance Factory Pty Ltd,Private,www.dancefactory.com.au,,,,,,,,,,,,,,
01894D,Christway College,Christian Resource Ministries Incorporated,Private,https://christway.vic.edu.au/,,,,,,,,,,,,,,
01938G,Saint Stephen's College,Saint Stephen's College Ltd,Private,www.saintstephenscollege.net.au,,,,,,,,,,,,,,
01958D,Waverley Christian College,Waverley Christian College Inc,Private,NULL,,,,,,,,,,,,,,
01968B,Thomas Carr College,Thomas Carr College Tarneit,Private,NULL,,,,,,,,,,,,,,
01984B,Rehoboth Christian College,Association for Christian Education Inc.,Private,www.rehoboth.wa.edu.au,,,,,,,,,,,,,,
01985A,NULL,Sunraysia Institute of TAFE,Government,www.sunitafe.edu.au,,,,,,,,,,,,,,
02025G,All Souls St Gabriels School,All Souls St Gabriels School Inc,Private,www.allsouls.qld.edu.au,,,,,,,,,,,,,,
02028E,Supreme Business College Pty Ltd,Supreme Business College Pty Ltd,Private,www.academies.edu.au,,,,,,,,,,,,,,
02029D,All Saints College,All Saints' College Inc.,Private,www.allsaints.wa.edu.au,,,,,,,,,,,,,,
02042G,Curtin College,Colleges of Business and Technology (WA) Pty Ltd,Private,www.curtincollege.edu.au,,,,,,,,,,,,,,
02117D,La Lingua Language School,Speak College Pty Ltd,Private,www.lalingua.com,,,,,,,,,,,,,,
02137M,ILSC - Australia; ILSC - Brisbane; ILSC - Sydney; ILSC Perth; ILSC Adelaide; ILSC Melbourne; Greystone College,ILSC (Brisbane) Pty Ltd,Private,www.ilsc.com.au,,,,,,,,,,,,,,
02140E,Sydney School of Business and Technology,Sydney School of Business and Technology Pty Ltd,Private,www.ssbt.edu.au,,,,,,,,,,,,,,
02160A,Unity College Australia,Unity College Australia Incorporated,Private,http://www.unity.edu.au,,,,,,,,,,,,,,
02177C,Sheldon College,Sheldon College Ltd,Private,www.sheldoncollege.com,,,,,,,,,,,,,,
02184D,Caroline Chisholm Catholic College,Caroline Chisholm Catholic College,Private,www.cccc.vic.edu.au,,,,,,,,,,,,,,
02189K,Ormiston College,Ormiston College Ltd,Private,www.ormistoncollege.com.au,,,,,,,,,,,,,,
02193C,South Australian Institute of Business and Technology (SAIBT)/CELUSA,South Australian Institute of Business and Technology Pty Ltd,Private,http://www.saibt.sa.edu.au,,,,,,,,,,,,,,
02205D,YWAM Training Townsville,YWAM Townsville Assoc. Inc.,Private,www.ywamtownsville.org,,,,,,,,,,,,,,
02209M,NULL,Our Lady of the Sacred Heart College,Private,www.olsh.catholic.edu.au,,,,,,,,,,,,,,
02227J,Mercy College,Mercy Diocesan College,Private,NULL,,,,,,,,,,,,,,
02260G,The Hills Grammar School,The Hills Grammar School,Private,www.hillsgrammar.nsw.edu.au,,,,,,,,,,,,,,
02266B,The Athena School,THE ATHENA SCHOOL LIMITED,Private,www.athena.nsw.edu.au,,,,,,,,,,,,,,
02267A,St Paul's Grammar School,St Paul's Grammar School Penrith Ltd,Private,www.stpauls.nsw.edu.au,,,,,,,,,,,,,,
02268M,Kincoppal - Rose Bay School of the Sacred Heart,Kincoppal - Rose Bay School,Private,www.krb.nsw.edu.au,,,,,,,,,,,,,,
02269K,Macarthur Anglican School,The Council of Macarthur Anglican School,Private,www.macarthur.nsw.edu.au,,,,,,,,,,,,,,
02270F,Abbotsleigh,The Council of Abbotsleigh,Private,www.abbotsleigh.nsw.edu.au,,,,,,,,,,,,,,
02273C,Tyndale Christian School,The Association for Christian Education of Blacktown Ltd,Private,www.tyndale.edu.au,,,,,,,,,,,,,,
02275A,Wenona School,Wenona School Ltd,Private,www.wenona.nsw.edu.au,,,,,,,,,,,,,,
02276M,St Andrew's Cathedral School,The Council of St Andrew's Cathedral School,Private,www.sacs.nsw.edu.au,,,,,,,,,,,,,,
02277K,Scots All Saints College,The Presbyterian Church (New South Wales) Property Trust,Private,scotsallsaints.nsw.edu.au,,,,,,,,,,,,,,
02280D,Presbyterian Ladies' College Sydney,The Presbyterian Church (New South Wales) Property Trust,Private,www.plc.nsw.edu.au,,,,,,,,,,,,,,
02284M,Kambala,Kambala,Private,www.kambala.nsw.edu.au,,,,,,,,,,,,,,
02285K,The Armidale School,The Armidale School,Private,www.as.edu.au,,,,,,,,,,,,,,
02287G,The Scots College,The Presbyterian Church (New South Wales) Property Trust,Private,www.tsc.nsw.edu.au,,,,,,,,,,,,,,
02290B,Newington College,Council of Newington College,Private,www.newington.nsw.edu.au,,,,,,,,,,,,,,
02293K,The McDonald College,The McDonald College Limited,Private,www.mcdonald.nsw.edu.au,,,,,,,,,,,,,,
02295G,PLC Armidale,The Presbyterian Church (New South Wales) Property Trust,Private,www.plcarmidale.nsw.edu.au/index.htm,,,,,,,,,,,,,,
02298E,Cranbrook School,Cranbrook School,Private,www.cranbrook.nsw.edu.au,,,,,,,,,,,,,,
02300E,The Illawarra Grammar School,The Council of The Illawarra Grammar School,Private,www.tigs.nsw.edu.au,,,,,,,,,,,,,,
02301D,NULL,St John's Grammar School Inc,Private,www.stjohns.sa.edu.au,,,,,,,,,,,,,,
02306K,Ravenswood School for Girls,Ravenswood School For Girls,Private,www.ravenswood.nsw.edu.au,,,,,,,,,,,,,,
02308G,Trinity Grammar School,The Council of Trinity Grammar School,Private,www.trinity.nsw.edu.au,,,,,,,,,,,,,,
02315J,William Clarke College,The William Branwhite Clarke College Council,Private,www.wcc.nsw.edu.au,,,,,,,,,,,,,,
02316G,Calrossy Anglican School,Calrossy Anglican School,Private,www.calrossy.nsw.edu.au,,,,,,,,,,,,,,
02318F,Meriden School,Meriden School,Private,www.meriden.nsw.edu.au,,,,,,,,,,,,,,
02320A,Tara Anglican School for Girls,The Council of Tara Anglican School for Girls,Private,www.tara.nsw.edu.au,,,,,,,,,,,,,,
02322K,"St Catherine's School, Waverley","The Council of St Catherine's School, Waverley",Private,www.stcaths.nsw.edu.au,,,,,,,,,,,,,,
02326F,"The King's School, Tudor House",The Council of the King's School,Private,www.kings.edu.au,,,,,,,,,,,,,,
02328D,MLC School,MLC School,Private,www.mlcsyd.nsw.edu.au,,,,,,,,,,,,,,
02333G,Bishop Druitt College,Bishop Druitt College Council Inc,Private,www.bdc.nsw.edu.au,,,,,,,,,,,,,,
02340G,Pacific Hills Christian School,Pacific Group of Christian Schools Limited,Private,www.pacifichills.nsw.edu.au,,,,,,,,,,,,,,
02342F,St Mark's Coptic Orthodox College,Coptic Orthodox Church (NSW) Property Trust,Private,www.smcoc.nsw.edu.au,,,,,,,,,,,,,,
02344D,Newcastle Grammar School,Newcastle Grammar School Ltd,Private,www.ngs.nsw.edu.au,,,,,,,,,,,,,,
02375G,NULL,University Senior College at Adelaide University Inc,Private,www.usc.adelaide.edu.au,,,,,,,,,,,,,,
02379D,German International School Sydney,German School Johannes Gutenberg,Private,www.germanschoolsydney.com,,,,,,,,,,,,,,
02380M,Le Cordon Bleu Australia Pty Limited,Le Cordon Bleu Australia Pty Limited,Private,www.cordonbleu.edu/australia,,,,,,,,,,,,,,
02398A,Academies Australasia Institute,Academies Australasia Institute Pty Limited,Private,www.academies.edu.au,,,,,,,,,,,,,,
02401M,Australian International High School,Australian International High School Pty Limited,Private,www.academies.nsw.edu.au,,,,,,,,,,,,,,
02402K,NULL,Endeavour College Inc,Private,www.endeavour.sa.edu.au,,,,,,,,,,,,,,
02411J,Box Hill Institute,Box Hill Institute,Government,www.boxhill.edu.au,,,,,,,,,,,,,,
02423E,Coomera Anglican College,The Corporation of the Synod of the Diocese of Brisbane,Private,www.cac.qld.edu.au,,,,,,,,,,,,,,
02427A,Ozford College,Ozford College Pty Ltd,Private,www.ozford.edu.au,,,,,,,,,,,,,,
02447G,St Andrew's Anglican College,The Corporation of the Synod of the Diocese of Brisbane,Private,www.saac.qld.edu.au,,,,,,,,,,,,,,
02448G,Alia College,Alia College Ltd,Private,www.alia.vic.edu.au,,,,,,,,,,,,,,
02449F,Emmanuel Anglican College,Emmanuel Anglican College Council,Private,www.eac.nsw.edu.au,,,,,,,,,,,,,,
02468C,Geraldton Grammar School,Geraldton Grammar School Inc.,Private,www.geraldtongrammarschool.wa.edu.au,,,,,,,,,,,,,,
02475D,Victoria University,Victoria University,Government,www.vu.edu.au/international,,,,,,,,,,,,,,
02483D,Australian Child Care Career Options,Australian Child Care Career Options (ACCCO) Pty Ltd,Private,http://www.accco.com.au,,,,,,,,,,,,,,
02485B,NULL,Blackfriars Priory School,Private,www.blackfriars.sa.edu.au,,,,,,,,,,,,,,
02494A,Australian College of Agriculture & Horticulture (ACAH); Australian College of Agriculture & Horticulture,Rabarl Pty Ltd,Private,http://www.acah.edu.au,,,,,,,,,,,,,,
02500G,Whitsundays College of English,Whitsundays College of English Pty Ltd,Private,www.wce.edu.au,,,,,,,,,,,,,,
02501G,NULL,Ozford English Language Centre Pty Ltd,Private,www.ozford.edu.au,,,,,,,,,,,,,,
02506B,Australian National Institute of Business & Technology,Australian National Institute of Business & Technology Pty Ltd,Private,http://www.anibt.vic.edu.au,,,,,,,,,,,,,,
02527G,Moerlina School,The Moerlina School Inc.,Private,www.moerlina.wa.edu.au,,,,,,,,,,,,,,
02529F,Union Institute of Language,Union Institute of Language - Springfield Campus Pty Ltd,Private,NULL,,,,,,,,,,,,,,
02537F,Sunshine Coast Grammar School,Presbyterian and Methodist Schools Association,Private,www.scgs.qld.edu.au,,,,,,,,,,,,,,
02543G,Kingston International College,Kingston International College Pty Ltd,Private,www.kingstoncollege.wa.edu.au,,,,,,,,,,,,,,
02598D,Our Lady of the Sacred Heart Catholic College,Our Lady of the Sacred Heart Catholic College,Private,www.olshalice.catholic.edu.au,,,,,,,,,,,,,,
02615G,Brisbane College of Australia ; Brisbane College of English,Brisbane College of Australia Pty Ltd,Private,NULL,,,,,,,,,,,,,,
02622J,"Hills Adventist College, Hurstville Adventist School, Macarthur Adventist College, Mountain View Adventist College, Wahroonga Adventist School, Sydney Adventist School - Auburn",Seventh-day Adventist Schools (Greater Sydney) Ltd,Private,www.greatersydney.adventist.edu.au,,,,,,,,,,,,,,
02634E,Academia International & Academia Australia,Australian Academy of Vocational Education and Trades Pty Ltd,Private,http://www.academia21.com,,,,,,,,,,,,,,
02644C,ECA College; The English Language School in Sydney (ELSIS),Education Centre of Australia Pty Ltd,Private,www.elsis.edu.au,,,,,,,,,,,,,,
02645B,Australia-International Institute of Workplace Training,A.I.W.T. Pty. Ltd.,Private,www.aiwt.edu.au,,,,,,,,,,,,,,
02647M,Australian Performing Arts Grammar School,Australian Performing Arts Grammar School Limited,Private,www.apgs.nsw.edu.au,,,,,,,,,,,,,,
02658G,"Abbey College Australia, Abbey Training",Logic Entity Australia Pty Ltd,Private,www.abbeycollege.edu.au,,,,,,,,,,,,,,
02663M,"Browns English Language School, Browns Professional",Browns English Language School Pty Ltd,Private,www.brownsenglish.edu.au,,,,,,,,,,,,,,
02664K,Excelsia University College,Excelsia University College,Private,http://excelsia.edu.au/,,,,,,,,,,,,,,
02668F,Pacific College of Technology,Pacific College Pty Ltd,Private,www.pct.edu.au,,,,,,,,,,,,,,
02674G,International School of Western Australia,Australian Association for International Education Inc,Private,www.iswa.wa.edu.au,,,,,,,,,,,,,,
02708C,Gold Coast Christian College,Seventh-Day Adventist Schools (South Queensland) Limited,Private,www.goldcoastchristiancollege.qld.edu.au,,,,,,,,,,,,,,
02709B,NULL,Trinity College Senior School,Private,www.trinity.sa.edu.au,,,,,,,,,,,,,,
02723D,UOW College Australia,UOWC Ltd,Private,www.uowcollege.edu.au,,,,,,,,,,,,,,
02724C,Australian International Islamic College Board Inc,Australian International Islamic College Board Inc,Private,www.aiic.qld.edu.au,,,,,,,,,,,,,,
02731D,Avondale University,Avondale University,Private,www.avondale.edu.au,,,,,,,,,,,,,,
02743M,LYCEE CONDORCET THE INTERNATIONAL FRENCH SCHOOL OF SYDNEY,LYCEE CONDORCET THE INTERNATIONAL FRENCH SCHOOL OF SYDNEY LTD,Private,www.condorcet.com.au,,,,,,,,,,,,,,
02746G,Queensland Academy of Technology,Australia Moreton Education Group Pty Ltd,Private,NULL,,,,,,,,,,,,,,
02751M,University Preparation College,UPC Pty Ltd,Private,www.upc.edu.au,,,,,,,,,,,,,,
02759C,The Kooralbyn International School,Kooralbyn Campus Inc,Private,www.tkis.qld.edu.au,,,,,,,,,,,,,,
02763G,Queensland International Institute,Queensland International Study Group Pty Ltd,Private,www.qii.qld.edu.au,,,,,,,,,,,,,,
02790D,"Hays International College Pty Ltd, Hays International College",Hays International College Pty Ltd,Private,www.hic.vic.edu.au,,,,,,,,,,,,,,
02799F,St George College,St George College Inc,Private,www.sgc.sa.edu.au,,,,,,,,,,,,,,
02815M,Menzies Institute of Technology,Menzies Institute of Technology Pty Ltd,Private,http://www.menzies.vic.edu.au,,,,,,,,,,,,,,
02851G,"UWS College, Western Sydney University The College,UWS Enterprises Pty Limited",Western Sydney University Enterprises Pty Limited,Private,www.westernsydney.edu.au/thecollege,,,,,,,,,,,,,,
02868J,Australian Institute of Technical Training Pty Ltd,Australian Institute of Technical Training Pty Ltd,Private,http://www.aitt.vic.edu.au,,,,,,,,,,,,,,
02870D,Crown Institute of Business and Technology,Crown Institute of Business and Technology Pty Ltd,Private,https://www.cibt.edu.au,,,,,,,,,,,,,,
02880B,Quality College of Australia,The Quality Training and Hospitality College Pty Ltd,Private,https://www.qca.edu.au/,,,,,,,,,,,,,,
02885G,"IH Brisbane - ALS, Australian Fitness Schools, Australian Language Schools, ALS Certificates and Diplomas, International House Brisbane - ALS",Australian Language Schools Pty Ltd,Private,www.ihbrisbane.com.au; www.alscertificates.com,,,,,,,,,,,,,,
02886G,Melbourne College of Hair and Beauty; Melbourne College of Training & Assessment,Melbourne College of Hairdressing Beauty Therapy & Natural Medicine Pty Ltd,Private,http://www.mcohb.com.au,,,,,,,,,,,,,,
02892J,Institute of Tertiary and Higher Education Australia,ITHEA Corporation Pty Ltd,Private,http://www.ithea.vic.edu.au,,,,,,,,,,,,,,
02899B,DNA Kingston Training,Kingston Training and Employment Pty Ltd,Private,www.dnakingstontraining.edu.au,,,,,,,,,,,,,,
02925E,Education Training & Employment Australia,Education Training & Employment Australia Pty. Ltd.,Private,http://www.etea.edu.au,,,,,,,,,,,,,,
02933E,"ALACC Health College, Australia",Australasian Lawrence Aged Care College Pty Ltd,Private,www.alacchealth.edu.au,,,,,,,,,,,,,,
02934D,"Southern Cross Education Institute, North Melbourne Grammar College",Southern Cross Education Institute Pty Ltd,Private,www.scei.com.au,,,,,,,,,,,,,,
02938M,NULL,Canterbury Technical Institute Pty Ltd,Private,www.cti.qld.edu.au,,,,,,,,,,,,,,
02943C,Covenant Christian School,Covenant College Tuggeranong ACT Association Incorporated,Private,http://www.covenant.act.edu.au,,,,,,,,,,,,,,
02945A,New England Girls' School,NEGS LIMITED,Private,www.negs.nsw.edu.au,,,,,,,,,,,,,,
02954M,Coolum Beach Christian College,Coolum Beach Christian College Ltd,Private,www.cbcc.qld.edu.au,,,,,,,,,,,,,,
02961A,Melbourne College of Further Education,Iascend Polytechnic Pty Ltd,Private,www.mcfe.com.au,,,,,,,,,,,,,,
02975F,Astute Training Pty Ltd,Astute Training Pty Ltd,Private,www.astutetraining.com.au,,,,,,,,,,,,,,
02992E,RC (Rhodes College),Queens Group Pty Ltd,Private,http://www.rhodescollege.vic.edu.au/,,,,,,,,,,,,,,
03015B,NULL,New Cambridge College Sydney Inc,Private,www.nccs.nsw.edu.au,,,,,,,,,,,,,,
03020E,TAFE Queensland,TAFE Queensland,Government,www.tafeqld.edu.au,,,,,,,,,,,,,,
03024A,"Melbourne City Institute of Education, Explore English","Melbourne City Institute of Education Pty Ltd, as trustee for MCIE Unit Trust",Private,www.mcie.edu.au,,,,,,,,,,,,,,
03033M,St Ursula's College Toowoomba,The Corporation of the Roman Catholic Diocese of Toowoomba,Private,www.st-ursula.qld.edu.au,,,,,,,,,,,,,,
03039E,Ironwood Career & Training; Ironwood Institute; Imperial College of Trades,Imperial Education Group Pty Ltd,Private,www.ironwood.edu.au,,,,,,,,,,,,,,
03041M,TasTAFE,TasTAFE,Government,www.tastafe.tas.edu.au/international,,,,,,,,,,,,,,
03053G,Australian Ideal College,Australian Ideal College Pty Ltd,Private,www.aic.edu.au,,,,,,,,,,,,,,
03057C,College of Sports & Fitness,International College of Capoeira Pty Ltd,Private,www.csf.edu.au,,,,,,,,,,,,,,
03105M,King's Institute of Managment and Technology,King's Institute of Management and Technology Pty Ltd,Private,NULL,,,,,,,,,,,,,,
03122K,SGSCC International,St George & Sutherland Community College Incorporated,Private,http://www.sgscc.edu.au/international,,,,,,,,,,,,,,
03133G,Adelaide Institute of Health,Adelaide Institute of Business and Technology Pty Ltd,Private,NULL,,,,,,,,,,,,,,
03149K,International Institute of Management & American College,International Institute of Management Pty Ltd,Private,"www.americancollege.com.au, www.americancollege.edu.au",,,,,,,,,,,,,,
03171A,King's Own Institute,Australian Institute of Business and Management Pty Ltd,Private,www.koi.edu.au,,,,,,,,,,,,,,
03173K,Australis Institute of Technology and Education (AITE),ALIF Australia Pty Ltd,Private,www.australisinstitute.nsw.edu.au,,,,,,,,,,,,,,
03182J,Beaconhills College,Beaconhills Christian College Ltd,Private,www.beaconhills.vic.edu.au,,,,,,,,,,,,,,
03188C,West Australian Institute of Further Studies,West Australian Institute of Further Studies Pty Ltd,Private,http://www.waifs.wa.edu.au,,,,,,,,,,,,,,
03208D,George Brown College,Captain Cook Institute Pty Ltd,Private,www.georgebrown.nsw.edu.au,,,,,,,,,,,,,,
03220G,EIM International Training Pty Ltd,EIM International Training Pty Ltd,Private,http://www.eiminternational.edu.au,,,,,,,,,,,,,,
03233C,"Nan Tien Institute, NTI English Language Centre, NTI Business",Nan Tien Institute Limited,Private,http://www.nantien.edu.au,,,,,,,,,,,,,,
03246J,Groves Christian College,Christian Community Ministries Ltd,Private,www.groves.qld.edu.au,,,,,,,,,,,,,,
03251A,Cairns College of English & Business,Cairns College of English Pty Ltd,Private,www.cceb.qld.edu.au,,,,,,,,,,,,,,
03255G,Australian Professional Skills Institute,Australian Professional Skills Institute Pty Ltd,Private,www.apsi.wa.edu.au,,,,,,,,,,,,,,
03268C,Gold Coast Learning Centre,Gold Coast Learning Centre Pty Ltd,Private,www.goldcoaststudy.com,,,,,,,,,,,,,,
03275D,Empyrean Education Institute,Equanimity Consultants Pty Ltd,Private,http://www.eei.wa.edu.au,,,,,,,,,,,,,,
03282E,Perth College of Beauty Therapy; YES College,MVJ Enterprises Pty Ltd,Private,www.perthcollege.com.au,,,,,,,,,,,,,,
03285B,All Saints Grammar,The Greek Orthodox Parish & Community of Belmore & District All Saints Ltd,Private,www.allsaints.nsw.edu.au,,,,,,,,,,,,,,
03288K,Pymble Ladies' College,Pymble Ladies' College,Private,www.pymblelc.nsw.edu.au,,,,,,,,,,,,,,
03290E,Stella Maris College,Stella Maris College,Private,www.stellamaris.nsw.edu.au,,,,,,,,,,,,,,
03298G,Genazzano FCJ College,Genazzano FCJ College Limited,Private,www.genazzano.vic.edu.au,,,,,,,,,,,,,,
03300G,St Augustine's College Sydney,St Augustine's College Sydney,Private,www.saintaug.nsw.edu.au,,,,,,,,,,,,,,
03312D,La Trobe College Australia,Navitas Bundoora Pty Ltd,Private,http://www.latrobemelbourne.edu.au,,,,,,,,,,,,,,
03317K,St Patrick's College Townsville,St Patrick's College Townsville Limited,Private,www.stpatscollege.qld.edu.au,,,,,,,,,,,,,,
03326J,Samford Valley Steiner School,Rudolf Steiner Education Group Brisbane Inc,Private,www.samfordsteiner.qld.edu.au,,,,,,,,,,,,,,
03330B,Macquarie Grammar School,Macquarie Grammar School Limited,Private,www.macquariegrammarschool.edu.au,,,,,,,,,,,,,,
03332M,Catholic Schools Office Lismore Diocese,Diocese of Lismore Catholic Schools Limited,Private,www.lism.catholic.edu.au,,,,,,,,,,,,,,
03336G,Sydney Catholic Schools,Sydney Catholic Schools Ltd as Trustee for the Sydney Catholic Schools Trust,Private,www.ceosyd.catholic.edu.au,,,,,,,,,,,,,,
03337F,St Scholastica's College Glebe Point,St Scholastica's College,Private,www.scholastica.nsw.edu.au,,,,,,,,,,,,,,
03338E,Rosebank College,Rosebank College,Private,www.rosebank.nsw.edu.au,,,,,,,,,,,,,,
03339D,"Catholic Schools Office, Maitland-Newcastle Diocese",Trustees of the Roman Catholic Church for the Diocese of Maitland-Newcastle,Private,mn.catholic.edu.au,,,,,,,,,,,,,,
03352G,Tasmanian Government Education International,"Department for Education, Children and Young People",Government,https://study.tas.gov.au,,,,,,,,,,,,,,
03364C,Galstaun College,Hamazkaine - Arshak & Sophie Galstaun College Limited,Private,www.galstaun.nsw.edu.au,,,,,,,,,,,,,,
03370E,Fountain College,Baris Education and Culture Foundation Limited,Private,http://fountain.wa.edu.au/,,,,,,,,,,,,,,
03373B,NULL,Job Training Institute Pty Ltd,Private,www.jti.edu.au,,,,,,,,,,,,,,
03374A,NULL,Everest Institute of Education Pty Ltd,Private,http://www.everest.edu.au,,,,,,,,,,,,,,
03375M,Emmaus Bible College,AUSTRALIAN COLLEGE OF CHRISTIAN STUDIES LTD,Private,www.ccs.edu.au,,,,,,,,,,,,,,
03377J,Signet Institute of Australia,Signet Institute of Australia,Private,www.acfe.edu.au,,,,,,,,,,,,,,
03391M,Sheridan Institute of Higher Education,Sheridan College Inc,Private,www.sheridan.edu.au,,,,,,,,,,,,,,
03392K,Collarts,Australian College of the Arts Pty Ltd,Private,www.collarts.edu.au,,,,,,,,,,,,,,
03395G,Berkeley Business Institute Pty Ltd,Berkeley Business Institute Pty Ltd,Private,www.berkeley.edu.au,,,,,,,,,,,,,,
03396F,The Australian College for International Studies (TACIS),CHC Services Pty Ltd,Private,www.tacis.edu.au,,,,,,,,,,,,,,
03398D,Pal Buddhist School,Pal Buddhist School Limited,Private,www.pal.nsw.edu.au,,,,,,,,,,,,,,
03400D,Australian College of Studies Co.,Australian Academy of Nursing Pty Ltd,Private,www.acos.edu.au,,,,,,,,,,,,,,
03401C,"Max Therapy Institute, MAX English",Max Therapy School Pty Ltd,Private,www.mti.vic.edu.au,,,,,,,,,,,,,,
03402B,Australian Institute of Language and Further Education,Australian Association of Education and Research Pty Ltd,Private,http://www.ailfe.wa.edu.au,,,,,,,,,,,,,,
03404M,Amity College,Amity College Australia Limited,Private,www.amitycollege.nsw.edu.au,,,,,,,,,,,,,,
03406J,Lawson College Australia,Lawson College Australia Pty Ltd,Private,www.lawsoncollege.edu.au,,,,,,,,,,,,,,
03407G,NULL,Institute of Health & Management Pty Ltd,Private,http://www.ihm.edu.au/,,,,,,,,,,,,,,
03411A,Iona Columba College,Iona Columba College Pty Ltd,Private,www.iona.edu.au,,,,,,,,,,,,,,
03415G,Protea College,TTY Collective Pty Ltd,Private,NULL,,,,,,,,,,,,,,
03417F,"Charter Training, Charter Education",Charter Australia Pty Ltd,Private,www.charter.edu.au,,,,,,,,,,,,,,
03418E,Byron Yoga Centre,Purna Yoga Ltd,Private,www.byronyoga.com,,,,,,,,,,,,,,
03423G,Oakleigh Grammar,The Greek Orthodox Community of Oakleigh and District Inc,Private,http://www.oakleighgrammar.vic.edu.au,,,,,,,,,,,,,,
03426E,Australian College of Business Intelligence,Australian College of Business Intelligence Pty Ltd,Private,http://www.acbi.edu.au,,,,,,,,,,,,,,
03427D,Sydney Metro College,Sydney Metro College Pty Ltd,Private,www.sydneymetrocollege.edu.au,,,,,,,,,,,,,,
03432G,Entrepreneur Education,Entrepreneur Education Pty Ltd,Private,www.entrepreneur.edu.au,,,,,,,,,,,,,,
03442E,"Australian Skills Management Institute, Australian Skills Management Institute NSW",Australian Hospitality Skills Recognition Pty Ltd,Private,www.asmitraining.edu.au,,,,,,,,,,,,,,
03443D,Global Business College Of Australia Pty Ltd,Global Business College Of Australia Pty Ltd,Private,NULL,,,,,,,,,,,,,,
03447M,"BCCI, BCC Institute",Bankstown Community College Inc.,Private,www.bcci.edu.au,,,,,,,,,,,,,,
03449J,Australian Harbour International College,Australian Harvard International College Pty Ltd,Private,http://www.ahic.edu.au,,,,,,,,,,,,,,
03450E,Dalton College,Global Education Consultant Pty Ltd,Private,www.daltoncollege.com.au,,,,,,,,,,,,,,
03457J,Times Academy Pty Ltd,Times Academy Pty Ltd,Private,NULL,,,,,,,,,,,,,,
03461B,Australian College of Christianity,Australia Christian College Pty Ltd,Private,accu.edu.au,,,,,,,,,,,,,,
03469E,Australian Institute of Advanced Studies Pty Ltd,Australian Institute of Advanced Studies Pty Ltd,Private,www.aias.edu.au,,,,,,,,,,,,,,
03472K,Turner English,Education Hub Pty Ltd,Private,NULL,,,,,,,,,,,,,,
03473J,Aventia Institute Pty Ltd,Aventia Institute Pty Ltd,Private,www.aventia.edu.au,,,,,,,,,,,,,,
03480K,Australasian International Academy Pty Ltd,Australasian International Academy Pty Ltd,Private,NULL,,,,,,,,,,,,,,
03486D,"AUSTRALIAN ACADEMY OF TRADES, Queensland International Institute of technology",AUSTRALIAN ACADEMY OF TRADES PTY LTD,Private,NULL,,,,,,,,,,,,,,
03507D,NULL,Australian Global College Pty Ltd,Private,www.agc.edu.au,,,,,,,,,,,,,,
03509B,NEW ERA INSTITUTE PTY LTD,NEW ERA INSTITUTE PTY LTD,Private,www.newerainstitute.edu.au,,,,,,,,,,,,,,
03515D,NULL,KKTC EDUCATION PTY LTD,Private,https://www.koolkidstrainingcollege.com.au,,,,,,,,,,,,,,
03519M,Linx Institute Australia,Linx Institute College Pty Ltd,Private,www.linx.edu.au,,,,,,,,,,,,,,
03521F,Skills Training Australia,Transformations - Pathways to Competence and Developing Excellence Pty Ltd,Private,http://skillstraining.edu.au,,,,,,,,,,,,,,
03523D,Southern Cross School of Business,Student Development and Learning (SDL) Academy Pty Ltd,Private,http://www.scsb.nsw.edu.au,,,,,,,,,,,,,,
03529J,Mechanical Institute of Training and Technology Pty Ltd,Mechanical Institute of Training and Technology Pty Ltd,Private,www.mitt.vic.edu.au,,,,,,,,,,,,,,
03530E,NULL,The Cairnmillar Institute,Private,http://www.cairnmillar.edu.au/,,,,,,,,,,,,,,
03535M,Polytechnic Institute Australia; Australian Polytechnic Institute,Polytechnic Institute Australia Pty Ltd,Private,http://www.pia.edu.au/,,,,,,,,,,,,,,
03537J,"Australian Capital College, Capital College",Australian Capital Group Pty Ltd,Private,www.capital.edu.au,,,,,,,,,,,,,,
03540C,Clinton Institute,Clinton Education Pty Ltd,Private,NULL,,,,,,,,,,,,,,
03542A,Mastery Institute Australia,QIHE PTY LTD,Private,http://www.mastery.edu.au,,,,,,,,,,,,,,
03546G,Elite Education Vocational Institute,Elite Education Group PTY. LTD.,Private,https://vocational.ee.edu.au/,,,,,,,,,,,,,,
03547G,Anglican Schools Commission International; ASC International; Esperance ACS; Frederick Irwin AS; Georgiana Molloy AS; John Septimus Roe ACS; John Wollston ACS; Peter Carnley ACS; Peter Moyes ACS; St George's AGS; St James AS; St Mark's ACS; Swan Valley AC,The Anglican Schools Commission Incorporated,Private,www.ascinternational.wa.edu.au,,,,,,,,,,,,,,
03558D,Roseville College,Anglican Schools Corporation,Private,www.rosevillecollege.com,,,,,,,,,,,,,,
03560K,"Windsor College Australia, Smart English Melbourne",Windsor College Pty Ltd,Private,https://www.windsorcollege.edu.au/,,,,,,,,,,,,,,
03564F,Global College Australasia,GLOBAL COLLEGE AUSTRALASIA PTY. LTD.,Private,https://www.globalcollege.edu.au,,,,,,,,,,,,,,
03575C,Nurse Training Australia,Care Plus Training Pty Ltd,Private,www.nursetrainingaustralia.com.au,,,,,,,,,,,,,,
03576B,KCA Education,Learning Lab Pty Ltd,Private,NULL,,,,,,,,,,,,,,
03590D,National Institute of Education and Technology,AUSTRALIA ACADEMY INTERNATIONAL PTY LTD,Private,www.niet.edu.au,,,,,,,,,,,,,,
03592B,Melbourne City College Australia,Melbourne City College Pty Ltd,Private,www.melbournecitycollege.edu.au,,,,,,,,,,,,,,
03605B,College of English Education and Training Australia,Australian Frontline Training College Pty Ltd,Private,www.ceetacollege.qld.edu.au,,,,,,,,,,,,,,
03611D,NULL,Zoi Education Pty Ltd,Private,www.zoi.vic.edu.au,,,,,,,,,,,,,,
03614A,AAAR INSTITUTE OF BUSINESS AND TECHNOLOGY,RANSFORD COLLEGE PTY LTD,Private,NULL,,,,,,,,,,,,,,
03617J,NULL,Level Up Education & Training Academy Pty Ltd,Private,NULL,,,,,,,,,,,,,,
03622A,Rosehill College,AISL PTY LTD,Private,http://www.rosehillcollege.edu.au,,,,,,,,,,,,,,
03623M,NULL,Strategix Training Group Pty Ltd,Private,http://www.strategix.com.au,,,,,,,,,,,,,,
03627G,Mid City College,MID CITY EDUCATION PTY LTD,Private,NULL,,,,,,,,,,,,,,
03638D,INT Nurse Training,INT Nurse Training Pty Ltd,Private,NULL,,,,,,,,,,,,,,
03640K,Axis Institute,Manigram Pty Ltd,Private,NULL,,,,,,,,,,,,,,
03642G,"Dolph Business School, Edna Business Institute of Melbourne",DOLPH LEARNING PTY LTD,Private,NULL,,,,,,,,,,,,,,
03644F,Key 2 Learning Pty Ltd,Key 2 Learning Pty Ltd,Private,NULL,,,,,,,,,,,,,,
03647C,Academy of Education and Innovation Australia,EDUCATION AND INNOVATION GROUP AUSTRALIA PTY LTD,Private,NULL,,,,,,,,,,,,,,
03648B,SOUTH SYDNEY COLLEGE (SSC),KNIT GROUP AUSTRALIA PTY LTD,Private,NULL,,,,,,,,,,,,,,
03651G,Australian Training & Qualification College,Akram Kahla Pty Ltd,Private,NULL,,,,,,,,,,,,,,
03657A,Kingston Academy of Australia,F & Z EDUCATION PTY LTD,Private,NULL,,,,,,,,,,,,,,
03658M,The Springfield Anglican College,FSAC Ltd,Private,www.tsac.qld.edu.au,,,,,,,,,,,,,,
03663C,Western Sydney University International College Pty Ltd,Western Sydney University International College Pty Ltd,Private,NULL,,,,,,,,,,,,,,
03665A,Metro Institute,Australian Professional Education Group Pty Ltd,Private,NULL,,,,,,,,,,,,,,
03669G,Educare College,Educare Training Institute of Australasia Pty Ltd,Private,http://www.educare.edu.au,,,,,,,,,,,,,,
03670D,NULL,Harbourside Institute of Australia Pty Ltd,Private,www.harbourside.nsw.edu.au,,,,,,,,,,,,,,
03675K,Alana Kaye College,Alana Kaye Group Pty Ltd,Private,NULL,,,,,,,,,,,,,,
03682M,"AUSTRALIAN NATIONAL INSTITUTE OF EDUCATION, AUSTRALIAN ACADEMY OF ENGLISH",Skills International Pty Ltd,Private,NULL,,,,,,,,,,,,,,
03683K,TasCollege,International College of Tasmania Pty Ltd,Private,https://tascollege.edu.au/,,,,,,,,,,,,,,
03687F,Australian College of Community and Health Services,Australian College of Community and Health Services Pty Ltd,Private,www.acchs.edu.au,,,,,,,,,,,,,,
03689D,Kingsford International Institute,Downtown Australia Pty Ltd,Private,NULL,,,,,,,,,,,,,,
03693G,Villanova College,Villanova College,Private,NULL,,,,,,,,,,,,,,
03714G,"Australian Institute of Business and Technology, Sydney International School",AUSTRALIAN INSTITUTE OF BUSINESS AND TECHNOLOGY PTY. LTD.,Private,www.sis.edu.au,,,,,,,,,,,,,,
03715G,Australian Islamic College of Sydney,Australian Islamic College of Sydney,Private,NULL,,,,,,,,,,,,,,
03716F,Redeemer Lutheran College,Lutheran Church of Australia Queensland District,Private,NULL,,,,,,,,,,,,,,
03719C,St Stephen's School,St Stephen's School,Private,www.ststephens.wa.edu.au,,,,,,,,,,,,,,
03722G,NULL,Smart Connection Company Pty Ltd,Private,NULL,,,,,,,,,,,,,,
03723G,Ruby Institute,Ruby Institute Pty LTD,Private,www.ruby.vic.edu.au,,,,,,,,,,,,,,
03726D,Fairholme College,Presbyterian Church of Queensland,Private,www.fairholme.qld.edu.au,,,,,,,,,,,,,,
03727C,NULL,The Lions Institute Pty Ltd,Private,NULL,,,,,,,,,,,,,,
03733E,Open Colleges School of Health,YourLife Health and Learning Inc,Private,www.schoolofhealth.edu.au,,,,,,,,,,,,,,
03736B,SP INTERNATIONAL COLLEGE,Sydney Centre for Finance Studies Pty Ltd,Private,NULL,,,,,,,,,,,,,,
03737A,Niashi School of Management and Technology,Melbourne Centre for Technology Studies Pty Ltd,Private,www.nsmt.vic.edu.au,,,,,,,,,,,,,,
03739K,Southern Cross Education Institute (Higher Education) Pty Ltd,Southern Cross Education Institute (Higher Education) Pty Ltd,Private,http://www.scei-he.edu.au,,,,,,,,,,,,,,
03741E,TrEd College,Tred Consultants Pty Ltd,Private,www.tredcollege.edu.au,,,,,,,,,,,,,,
03744B,Crown Institute of Higher Education,Crown Institute of Higher Education Pty Ltd,Private,NULL,,,,,,,,,,,,,,
03745A,St Brendan's College,Edmund Rice Education Australia Colleges Ltd,Private,https://www.stbrendans.qld.edu.au/,,,,,,,,,,,,,,
03747K,"Australian National Academy of Education, Ridge International College",Australian National Academy of Education Pty Ltd,Private,NULL,,,,,,,,,,,,,,
03764J,Institute Of Science Management And Technology,Lambda Education Pty Ltd,Private,NULL,,,,,,,,,,,,,,
03770M,Training for Knowledge and Livelihood,TKL College Pty Ltd,Private,www.tkl.edu.au,,,,,,,,,,,,,,
03771K,Moreton Bay College,Moreton Bay College,Private,www.mbc.qld.edu.au,,,,,,,,,,,,,,
03772J,Moreton Bay Boys' College,Moreton Bay Boys' College Limited,Private,www.mbbc.qld.edu.au,,,,,,,,,,,,,,
03775F,AUSINET,Australian Institute of Electro Technology Pty Ltd,Private,ausinet.edu.au,,,,,,,,,,,,,,
03776E,Australian Institute of Language,Eastlink Consulting Pty Ltd,Private,NULL,,,,,,,,,,,,,,
03779B,United Colleges of Australia,United Colleges of Australia Pty Ltd as the trustee for UCA Unit Trust,Private,NULL,,,,,,,,,,,,,,
03781G,Australian College of International Studies,Australian College of International Studies Pty Ltd,Private,NULL,,,,,,,,,,,,,,
03782G,AMA College,A.M.A. Services (W.A.) Pty Ltd,Private,NULL,,,,,,,,,,,,,,
03790G,Blue Lotus College,Blue Lotus Academy Pty Ltd,Private,NULL,,,,,,,,,,,,,,
03791F,Health Institute Australasia,Health Institute Australasia Pty Ltd,Private,http://www.healthinstitute.edu.au,,,,,,,,,,,,,,
03792E,Sydney Metropolitan International College,Sydney Metropolitan International College Pty Ltd,Private,NULL,,,,,,,,,,,,,,
03797M,Academy of Hypnotic Science; Stirling Institute; Stirling Institute of Business,Stirling Institute of Australia Pty Ltd,Private,NULL,,,,,,,,,,,,,,
03801J,Trinity Anglican College,The Anglican Schools Commission Incorporated,Private,NULL,,,,,,,,,,,,,,
03803G,Lindisfarne Anglican Grammar School,Lindisfarne Anglican School,Private,NULL,,,,,,,,,,,,,,
03810G,Rhodes International College,CAREER READY PTY LTD,Private,www.ric.edu.au,,,,,,,,,,,,,,
03814D,St Maroun's College,HOWAYEK BLESSINGS LTD,Private,NULL,,,,,,,,,,,,,,
03822D,Charlton Brown,Charlton Brown Pty Ltd,Private,http://charltonbrown.com.au,,,,,,,,,,,,,,
03831C,"iLearn OZ, MELBOURNE METRO COLLEGE",ILEARN OZ PTY LTD,Private,NULL,,,,,,,,,,,,,,
03832B,NULL,Aus Crest Pty Ltd,Private,NULL,,,,,,,,,,,,,,
03838G,INTERNATIONAL INSTITUTE OF EDUCATION,FIRST CHOICE EDUCATION PTY. LTD.,Private,NULL,,,,,,,,,,,,,,
03845H,Higher Education Leadership Institute,Higher Education Leadership Institute,Private,NULL,,,,,,,,,,,,,,
03849D,Reddam House,Inspired Australia Holdings PTY LTD,Private,www.reddamhouse.com.au,,,,,,,,,,,,,,
03850M,NULL,Global Institute of Training and Education Pty Ltd,Private,www.gite.edu.au,,,,,,,,,,,,,,
03853H,Eastern College Australia Limited,Eastern College Australia Limited,Private,www.eastern.edu.au,,,,,,,,,,,,,,
03859B,ANE College,Australian National Education Pty Ltd,Private,NULL,,,,,,,,,,,,,,
03860J,Hills International College; Hills Language College,Hills International College Ltd,Private,NULL,,,,,,,,,,,,,,
03868A,Mount Alvernia College,Mount Alvernia College Limited,Private,NULL,,,,,,,,,,,,,,
03869M,NULL,EMBRACIA EDUCATION & DEVELOPMENT PTY LTD,Private,NULL,,,,,,,,,,,,,,
03870G,Australian Scholar's College,Australian Scholar's College Pty Ltd,Private,NULL,,,,,,,,,,,,,,
03874C,West Melbourne Institute of Technology,West Melbourne Institute of Technology Pty Ltd,Private,www.wmit.edu.au,,,,,,,,,,,,,,
03878K,NULL,Opulence College Pty Ltd,Private,NULL,,,,,,,,,,,,,,
03880E,Canberra College of Management and Technology,Bhairav Baba Pty Ltd,Private,www.ccmtcollege.edu.au,,,,,,,,,,,,,,
03884A,First Aid Course Experts,Skills Training College Pty Ltd,Private,NULL,,,,,,,,,,,,,,
03886K,Australian National Education Institute,AUSTRALIAN NATIONAL EDUCATION HOLDING Pty Ltd,Private,NULL,,,,,,,,,,,,,,
03888H,"Business College Online, Dragon College of Business, Australian City International College,Australian Vocational Institute, Sydney City English College",Australian City International College Pty Ltd,Private,NULL,,,,,,,,,,,,,,
03899E,NULL,St. Marys Institute Pty Ltd,Private,NULL,,,,,,,,,,,,,,
03907K,Australian Sovereign College,AUSTRALIAN SOVEREIGN COLLEGE PTY LTD,Private,ausc.edu.au,,,,,,,,,,,,,,
03909H,"Angel Institute of Education, The Angel Hair & Beauty Institute",CJAE Pty Ltd,Private,NULL,,,,,,,,,,,,,,
03916J,NULL,Kingsway College Pty Ltd,Private,www.kingswaycollege.vic.edu.au,,,,,,,,,,,,,,
03917H,Shafston International College,Shafston International Pty Ltd,Private,NULL,,,,,,,,,,,,,,
03920B,Fox Education and Consultancy,Fox Endeavours Pty Ltd,Private,http://www.fox.edu.au,,,,,,,,,,,,,,
03925H,NULL,Australasian College of Advanced Education Pty Ltd,Private,NULL,,,,,,,,,,,,,,
03931K,Loreto Normanhurst,Loreto Normanhurst Limited,Private,www.loretonh.nsw.edu.au,,,,,,,,,,,,,,
03933H,Contempo College,Contempo Education Pty Ltd,Private,NULL,,,,,,,,,,,,,,
03935F,NULL,Helix College Pty Ltd,Private,NULL,,,,,,,,,,,,,,
03936E,Global Institute of Education,J Chazzer & B Singh & H Singh,Private,NULL,,,,,,,,,,,,,,
03938C,SIGNATURE TRAINING PTY. LTD.,Signature Training Pty Ltd,Private,http://www.signaturetraining.edu.au,,,,,,,,,,,,,,
03939B,Massey College,Massey College Pty Ltd,Private,NULL,,,,,,,,,,,,,,
03943F,The Australian Chiropractic College,Australian Chiropractic College Limited,Private,www.acc.sa.edu.au,,,,,,,,,,,,,,
03946C,PENFOLD COLLEGE,Penfold College Pty Ltd,Private,NULL,,,,,,,,,,,,,,
03949M,NULL,Riverdale Institute Pty Ltd,Private,NULL,,,,,,,,,,,,,,
03954C,NULL,Australian Health and Horticulture Institute Pty Ltd,Private,NULL,,,,,,,,,,,,,,
03955B,NULL,Wisdom International College Pty Ltd,Private,NULL,,,,,,,,,,,,,,
03957M,NULL,Starford College Pty Ltd,Private,NULL,,,,,,,,,,,,,,
03958K,NULL,Aim Institute Pty Ltd,Private,NULL,,,,,,,,,,,,,,
03961D,Brilliant Institute of Business and Education,J&L Consultancy Pty Ltd,Private,bibe.tas.edu.au,,,,,,,,,,,,,,
03962C,Swanston Institute,Prospect Education Group Pty Ltd,Private,NULL,,,,,,,,,,,,,,
03964A,NULL,ADVANCE INSTITUTE AUSTRALIA PTY LTD,Private,NULL,,,,,,,,,,,,,,
03966K,Novus Education,NOVUS EDUCATION PTY LTD,Private,NULL,,,,,,,,,,,,,,
03970C,Concord Institute,ADELAIDE EDUCATION AND TRAINING PTY LTD,Private,NULL,,,,,,,,,,,,,,
03972A,NULL,Australian Prime Education and Training Pty Ltd,Private,NULL,,,,,,,,,,,,,,
03976H,MELBOURNE INSTITUTE OF TRAINING AND EDUCATION,Easy Buy Products Pty Ltd,Private,NULL,,,,,,,,,,,,,,
03980A,Federation Academy,FEDERATION ACADEMY AUSTRALIA PTY LTD,Private,NULL,,,,,,,,,,,,,,
03981M,AUSTRALIAN LEADING INSTITUTE OF TECHNOLOGY,ALIT EDUCATION GROUP PTY. LTD.,Private,NULL,,,,,,,,,,,,,,
03983J,NULL,AUSTRALIAN INSTITUTE OF DIGITAL TECHNOLOGY PTY LTD,Private,https://aidt.edu.au/,,,,,,,,,,,,,,
03985G,NULL,Australian International College of Skills & Education Pty Ltd,Private,NULL,,,,,,,,,,,,,,
04004H,NULL,Innovative College Pty Ltd,Private,NULL,,,,,,,,,,,,,,
04008D,NULL,Australian College of Vocational Education and Training Pty Ltd,Private,https://www.acvet.edu.au/,,,,,,,,,,,,,,
04009C,National Academy of Professional Studies,National Academy of Professional Studies Pty Ltd,Private,www.naps.edu.au,,,,,,,,,,,,,,
04011J,NULL,United Institute Pty Ltd,Private,NULL,,,,,,,,,,,,,,
04012H,Edunex Training,Edunex Pty Ltd,Private,NULL,,,,,,,,,,,,,,
04015E,NULL,Ivory Education Group Pty Ltd,Private,NULL,,,,,,,,,,,,,,
04023E,Australian Virtus Institute,Australian Virtus Institute Pty Ltd,Private,www.avi.edu.au,,,,,,,,,,,,,,
04024D,NULL,Harvard International College Pty Ltd,Private,NULL,,,,,,,,,,,,,,
04027A,NULL,Australian Educare College Pty Ltd,Private,NULL,,,,,,,,,,,,,,
04030F,NULL,AUIPT GROUP PTY LTD,Private,NULL,,,,,,,,,,,,,,
04034B,NULL,Australian Vocational Training Academy Pty Ltd,Private,NULL,,,,,,,,,,,,,,
04036M,NULL,Kingsford Education Group Pty Ltd,Private,NULL,,,,,,,,,,,,,,
04044M,NULL,Vigil International College Pty Ltd,Private,NULL,,,,,,,,,,,,,,
04046J,Allied Institute,Pace Business College Pty Ltd,Private,www.allied.edu.au,,,,,,,,,,,,,,
04050B,"Solis College, Athena College Australia",ABBI Educational Services Pty Ltd,Private,NULL,,,,,,,,,,,,,,
04051A,Capstone Institute of Australia,The Ballarat Academy Pty Ltd,Private,www.capstone.edu.au,,,,,,,,,,,,,,
04055H,NULL,Auscare Staffing Agency Pty Ltd,Private,NULL,,,,,,,,,,,,,,
04057F,Anderson College,SECURITY COLLEGE OF AUSTRALIA Pty Ltd,Private,NULL,,,,,,,,,,,,,,
04058E,NULL,Alma Mater College Australia Pty Ltd,Private,NULL,,,,,,,,,,,,,,
04060M,Greenwood Academy of Animal Care and Agriculture,Enlighten Talent Pty Ltd,Private,NULL,,,,,,,,,,,,,,
04063H,Ming-De International School,Ming-De International School Toowoomba Inc,Private,www.ming-de.qld.edu.au,,,,,,,,,,,,,,
04067D,NULL,WHITEHOUSE INTERNATIONAL COLLEGE PTY LTD,Private,NULL,,,,,,,,,,,,,,
04069B,NULL,College of Nursing Education & Training Australia Pty Ltd,Private,NULL,,,,,,,,,,,,,,
04070J,NULL,Southern Institute of Early Learning and Leadership Pty Ltd,Private,NULL,,,,,,,,,,,,,,
04071H,NULL,D P TRAINING PTY LTD,Private,NULL,,,,,,,,,,,,,,
04074E,Invicta Technical College,Australian Professional Training Academy Pty Ltd,Private,NULL,,,,,,,,,,,,,,
04076C,NULL,Avalon College Pty Ltd,Private,NULL,,,,,,,,,,,,,,
04079M,NULL,Thames International College Pty Ltd,Private,NULL,,,,,,,,,,,,,,
04084C,Concordia College - St Peters Campus Blackwood,Concordia College - St Peters Campus Blackwood,Private,NULL,,,,,,,,,,,,,,
04087M,NULL,ELITE COLLEGE OF ENGLISH,Private,NULL,,,,,,,,,,,,,,
04097J,Lincoln Education Australia,Lincoln Institute of Higher Education Ltd,Private,lincolnau.nsw.edu.au,,,,,,,,,,,,,,
04100H,NULL,A GRADE EDUCATION AND TRAINING PTY LIMITED,Private,NULL,,,,,,,,,,,,,,
04101G,Dynamic Training Services,Dynamic Training Services Pty Ltd,Private,NULL,,,,,,,,,,,,,,
04106B,States College Australia,States College Australia Pty Ltd,Private,NULL,,,,,,,,,,,,,,
04109K,EUREKA INSTITUTE OF MANAGEMENT,Sharma Education Pty Ltd,Private,NULL,,,,,,,,,,,,,,
04110F,NULL,Australian Business Training Institute Pty Ltd,Private,NULL,,,,,,,,,,,,,,
04111E,Universal Training Institute,Universal Training Institute Pty Ltd,Private,NULL,,,,,,,,,,,,,,
04112D,Elizabeth Institute of Australia,Sunbright Pty Ltd,Private,NULL,,,,,,,,,,,,,,
04113C,Silverline College,Silverline College Pty Ltd,Private,NULL,,,,,,,,,,,,,,
04123A,Austin Institute of Trades,Austin Institute of Trades Pty Ltd,Private,NULL,,,,,,,,,,,,,,
04128G,NULL,Rural Medical Education Australia Limited,Private,NULL,,,,,,,,,,,,,,
04133K,Hillshire International College,Hillshire Investment Pty Ltd,Private,NULL,,,,,,,,,,,,,,
04136G,VIITE,VIITE Pty Ltd,Private,NULL,,,,,,,,,,,,,,
04137F,Australian Childcare Academy,Australian Higher Education Academy Pty Ltd,Private,NULL,,,,,,,,,,,,,,
04144G,Global College of Management,Management Institute of Australia Pty Ltd,Private,NULL,,,,,,,,,,,,,,
04149B,NULL,Infinity Business College Pty Ltd,Private,NULL,,,,,,,,,,,,,,
04156C,Australis Vocational College Pty Ltd,Australis Vocational College Pty Ltd,Private,NULL,,,,,,,,,,,,,,
04174A,Dynamite Studios Academy,Dynamite Management Australia Pty Ltd,Private,NULL,,,,,,,,,,,,,,
04175M,Apex Training Institute,Learner Centre Pty Ltd,Private,NULL,,,,,,,,,,,,,,
04178H,Ausford College,B&P Education Pty Ltd,Private,www.ausfordcollege.edu.au,,,,,,,,,,,,,,
04184K,Unified WA,Unified WA Pty Ltd,Private,NULL,,,,,,,,,,,,,,
04185J,NULL,Making Education Pty Ltd AFT Making Education Trust,Private,NULL,,,,,,,,,,,,,,
04186H,Clarence Valley Anglican School,Clarence Valley Anglican School Council Inc,Private,NULL,,,,,,,,,,,,,,
04188F,My Skills Australia,P & J WADE PTY. LIMITED,Private,myskillsaustralia.edu.au,,,,,,,,,,,,,,
04189E,Fusion College of Technology Pty Ltd,Fusion College of Technology Pty Ltd,Private,NULL,,,,,,,,,,,,,,
04190A,Aimers College of Education,Genesis Education and Training Pty Ltd,Private,www.aimerscollege.edu.au,,,,,,,,,,,,,,
04193J,Howland Academy of Australia,JH HOWLAND GROUP PTY LTD,Private,NULL,,,,,,,,,,,,,,
04194H,NULL,Edinburgh Institute Pty Ltd,Private,NULL,,,,,,,,,,,,,,
04203A,Australian Institute of Tertiary Education,TUT Training College Pty Ltd,Private,NULL,,,,,,,,,,,,,,
04213K,NULL,AUCTUS Consulting Pty Ltd,Private,NULL,,,,,,,,,,,,,,
04223H,Australian Nursing and Training Services,AUSTRALIAN NURSING AND TRAINING SERVICES PTY LTD,Private,NULL,,,,,,,,,,,,,,
04233F,Global Institute of Health Sciences Pty Ltd,Global Institute of Health Sciences Pty Ltd,Private,NULL,,,,,,,,,,,,,,
04248K,NULL,Australian Dance Institute Pty Ltd,Private,NULL,,,,,,,,,,,,,,
04249J,NULL,Adelaide University,Government,NULL,,,,,,,,,,,,,,
04255M,Opal College,Opal Education Group Pty Ltd,Private,NULL,,,,,,,,,,,,,,
04257J,ONEPATH COLLEGE,G5 BROTHERS PTY LTD,Private,NULL,,,,,,,,,,,,,,
04258H,Melvic College Australia,Melvic College Australia Pty Ltd,Private,www.melvic.com.au,,,,,,,,,,,,,,
04267G,NULL,International Apex Institute Pty Ltd,Private,NULL,,,,,,,,,,,,,,
04268F,NULL,Reliable College of Nursing Pty Ltd,Private,NULL,,,,,,,,,,,,,,
04271M,NULL,BCA Education Group Pty Ltd,Private,NULL,,,,,,,,,,,,,,
04273J,NULL,Australian College of Technical Studies Pty. Ltd.,Private,https://actstudies.edu.au/,,,,,,,,,,,,,,
04274H,NULL,Study of Australian Technologies and Healthcare Education Pty Ltd,Private,www.satheducation.com.au,,,,,,,,,,,,,,
04278D,NULL,CW EDUCATION GROUP PTY LTD,Private,NULL,,,,,,,,,,,,,,
04282H,Sterling Australia,Sterling International Training and Education Pty Ltd,Private,www.sterlinginternational.com.au,,,,,,,,,,,,,,
04285E,NULL,Grampians College Pty Ltd,Private,NULL,,,,,,,,,,,,,,
04289A,"Australis Business School, Australis Research School, Australis Education School, Australis Health School",Australian School of Business Pty Ltd,Private,www.australis.vic.edu.au,,,,,,,,,,,,,,
04297A,Lakewood Institute,AIdrones Pty Ltd,Private,NULL,,,,,,,,,,,,,,
04298M,AICE Pty Ltd,AICE Pty Ltd,Private,https://www.aice.edu.au/,,,,,,,,,,,,,,
04305F,Vocational Augment Training,Vocational Augment Pty Ltd,Private,http://www.vat.vic.edu.au/,,,,,,,,,,,,,,
04308C,Sage College of Australlia,Sage College of Australia Pty Ltd,Private,NULL,,,,,,,,,,,,,,
04313F,Siena College,Siena College Limited,Private,http://www.siena.vic.edu.au,,,,,,,,,,,,,,
04318A,"Sydney Islamic College, UMA College",UMA Education Solutions Ltd,Private,https://uma.edu.au/,,,,,,,,,,,,,,
04334A,Montford International College,Montford Group Pty Ltd,Private,NULL,,,,,,,,,,,,,,
04337J,AICHM,Australian Institute of Community and Health Management Pty Ltd,Private,NULL,,,,,,,,,,,,,,
04342A,Lead Institute of Higher Education,Education and Career Hub Pty Ltd,Private,www.lihe.edu.au,,,,,,,,,,,,,,
04346H,NULL,Hampton College Pty Ltd,Private,NULL,,,,,,,,,,,,,,
04354H,Victorian Skillls College,Victorian Skills College Pty Ltd,Private,NULL,,,,,,,,,,,,,,
04359C,NULL,Imperial Institute QLD Pty Ltd,Private,NULL,,,,,,,,,,,,,,
04362H,Risen Star College of Technology & Business Pty Ltd,Risen Star College of Technology & Business Pty Ltd,Private,NULL,,,,,,,,,,,,,,
04363G,Enhance Training,Hessel Pty Ltd,Private,NULL,,,,,,,,,,,,,,
04364F,NULL,Early Education Institute Pty Ltd,Private,NULL,,,,,,,,,,,,,,
04366D,Sacre Coeur,Sacre Coeur,Private,https://sacrecoeur.vic.edu.au/,,,,,,,,,,,,,,
04368B,NULL,National Diversity Institute of Australia Pty Ltd,Private,NULL,,,,,,,,,,,,,,
04375C,Laurus Higher Education,Laurus Higher Education Pty Ltd,Private,NULL,,,,,,,,,,,,,,
04376B,NULL,INSTITUTE OF MANAGEMENT LEARNING PTY LTD,Private,NULL,,,,,,,,,,,,,,
04377A,Aroha College,Aroha College Pty Ltd,Private,www.arohacollege.com.au,,,,,,,,,,,,,,
04378M,NULL,Greenhouse Education Pty Ltd,Private,www.greenhouseeducation.com,,,,,,,,,,,,,,
04382D,NULL,Inventive Institute Pty Ltd,Private,NULL,,,,,,,,,,,,,,
04393A,NULL,Sydney Global Institute Pty Ltd,Private,NULL,,,,,,,,,,,,,,
04403D,IBC Education,International Business College Pty Ltd,Private,NULL,,,,,,,,,,,,,,
04406A,Aurora Training Institute,Aurora Training Institute Pty Ltd,Private,NULL,,,,,,,,,,,,,,
03809A,Canterbury Institute of management (CIM),Australian Campus Management Pty Ltd,Private,www.ciom.edu.au,,,,,,,,,,,,,,
04234E,City College Pty Ltd,City College Pty Ltd,Private,https://www.citycollege.edu.au/,,,,,,,,,,,,,,
03677G,"Sea English Academy International Pty Ltd, Australian Institute of Science and Technology",Sea English Academy International Pty Ltd,Private,NULL,,,,,,,,,,,,,,
04086A,Oban College,Oban College Pty Ltd,Private,www.oban.edu.au,,,,,,,,,,,,,,
03610E,NULL,Australia Institute of Business & Technology - International Pty Ltd,Private,NULL,,,,,,,,,,,,,,
