cricos_code,institution_name,website_url,phone_number,email,status
00001K,Canberra Institute of Technology,https://international.cit.edu.au/,62073100,international@cit.edu.au,Success (Website)
00002J,Macquarie University (Macquarie),www.mq.edu.au,61298504890,rorden.wilkinson@mq.edu.au,Success (CRICOS Fallback)
00003G,University of New England,www.une.edu.au,67732004,VC@une.edu.au,Success (CRICOS Fallback)
00004G,Australian Catholic University Limited,https://www.acu.edu.au/,1300275228,Zlatko.Skrbis@acu.edu.au,Success (Website)
00005F,Charles Sturt University (CSU),https://www.csu.edu.au/,263384209,vc@csu.edu.au,Success (CRICOS Fallback)
00008C,Monash University (Monash),www.monash.edu.au,0399059155,allie.clemans@monash.edu,Success (CRICOS Fallback)
00011G,Gordon Institute of TAFE,http://www.gordontafe.edu.au/,+61352250800,website@gordontafe.edu.au,Success (Website)
00012G,Holmesglen Institute,www.holmesglen.edu.au,1300639888,info@holmesglen.edu.au,Success (Website)
00017B,Bond University,http://www.bond.edu.au/,1800074074,registrar@bond.edu.au,Success (Website)
00018A,Department for Education,http://www.internationalstudents.sa.edu.au,0434265110,narelle.slivak3@sa.gov.au,Success (Website)
00020G,Department of Training and Workforce Development,http://www.tafeinternational.wa.edu.au/,+61892182100,Jacqui.Johnstone@dtwd.wa.gov.au,Success (Website)
00025B,The University of Queensland,www.uq.edu.au,0733652224,academic.registrar@uq.edu.au,Success (Website)
00026A,The University of Sydney,http://sydney.edu.au,1800793864,campus.assist@sydney.edu.au,Success (Website)
00051M,ELC Career College Pty Ltd,www.elc.edu.au,0292675688,david.scott@elc.edu.au,Success (Website)
00057E,Alexander Language School Pty Ltd,www.sgis.wa.edu.au,0892860290,plaurence@asc.wa.edu.au,Success (CRICOS Fallback)
00092B,TAFE SA,http://www.tafesa.edu.au/international,1800882661,Simone.Hawkins@tafesa.edu.au,Success (Website)
00094M,South Australian College of English Pty Ltd,http://www.sacecoll.sa.edu.au,0884105222,mkazmi@sacecoll.sa.edu.au,Success (CRICOS Fallback)
00098G,The University of New South Wales (UNSW),www.unsw.edu.au,61293852800,dvcacademic@unsw.edu.au,Success (Website)
00099F,University of Technology Sydney (UTS),www.uts.edu.au,95141513,mychel.palamountain@uts.edu.au,Success (Website)
00102E,University of Wollongong (UoW),www.uow.edu.au,1300367869,hpartridge@uow.edu.au,Success (Website)
00103D,Federation University Australia,https://www.federation.edu.au/search/?keywordQ=brochures&sortQ=1&typeQ=search&pageQ=0,1800333864,j.giri@federation.edu.au,Success (Website)
00109J,The University of Newcastle (UoN),https://www.newcastle.edu.au/,249215114,dvc-academic@newcastle.edu.au,Success (CRICOS Fallback)
00111D,Swinburne University of Technology,https://www.swinburne.edu.au/international,+61392144409,giving@swinburne.edu.au,Success (Website)
00113B,Deakin University (Deakin),http://www.deakin.edu.au/,392446570,n.calastas@deakin.edu.au,Success (CRICOS Fallback)
00114A,Flinders University,http://www.flinders.edu.au/,+612013002035420633,askflinders@flinders.edu.au,Success (Website)
00115M,La Trobe University (La Trobe),http://www.latrobe.edu.au/international,6134791061,S.Farraway@latrobe.edu.au,Success (CRICOS Fallback)
00116K,The University of Melbourne (UniMelb),http://www.unimelb.edu.au/,61383445245,academic-registrar@unimelb.edu.au,Success (CRICOS Fallback)
00117J,James Cook University,https://www.jcu.edu.au/,747814165,vc@jcu.edu.au,Success (CRICOS Fallback)
00120C,Australian National University,http://www.anu.edu.au/,455904531,bree.slater@anu.edu.au,Success (Website)
00121B,University of South Australia (UniSA),www.unisa.edu.au,0874205115,media@adelaide.edu.au,Success (Website)
00122A,Royal Melbourne Institute of Technology,www.rmit.edu.au,61399258606,international.partners@rmit.edu.au,Success (Website)
00123M,The University of Adelaide (Adelaide),http://www.adelaide.edu.au,874205115,media@adelaide.edu.au,Success (Website)
00124K,Victoria University,http://www.vu.edu.au/,61399191164,accessibility@vu.edu.au,Success (Website)
00125J,Murdoch University (Murdoch),www.murdoch.edu.au,+61893606000,Kelly.Smith@murdoch.edu.au,Success (Website)
00126G,The University of Western Australia (UWA),http://www.uwa.edu.au/,+61864886000,guy.littlefair@uwa.edu.au,Success (Website)
00129E,Ballarat and Queen's Anglican Grammar School,www.bgs.vic.edu.au,+61353380700,headmaster@bgs.vic.edu.au,Success (Website)
00131M,Billanook College Limited,www.billanook.vic.edu.au,+61397255388,contact@billanook.vic.edu.au,Success (Website)
00132K,Brighton Grammar School,http://www.brightongrammar.vic.edu.au/,61385912200,admin@brightongrammar.vic.edu.au,Success (Website)
00134G,Education Institution Search,http://www.cgs.vic.edu.au/,+61398351777,admissions@cgs.vic.edu.au,Success (Website)
00135G,Carey Baptist Grammar School Limited,www.carey.com.au,+61398161222,main.reception@carey.com.au,Success (Website)
00136F,Caulfield Grammar School,http://www.caulfieldgs.vic.edu.au/,0395246262,AshleighMartin@caulfieldgs.vic.edu.au,Success (Website)
00138D,Eltham College,http://www.elthamcollege.vic.edu.au/,+61394371421,eltham@elthamcollege.vic.edu.au,Success (Website)
00139C,Fintona Girls School,http://www.fintona.vic.edu.au/,+61398301388,fgs@fintona.vic.edu.au,Success (Website)
00140K,Firbank Grammar School,www.firbank.vic.edu.au,0395915188,jwilliams@firbank.vic.edu.au,Success (Website)
00141J,Camberwell Anglican Girls' Grammar School,www.cggs.vic.edu.au,98131166,principal@cggs.vic.edu.au,Success (CRICOS Fallback)
00142G,The Geelong College,http://www.geelongcollege.vic.edu.au/,61352263111,info@geelongcollege.vic.edu.au,Success (Website)
00143G,Geelong Grammar School,www.ggs.vic.edu.au,0352739247,principal@ggs.vic.edu.au,Success (Website)
00144F,The Hamilton and Alexandra College,http://www.hamiltoncollege.vic.edu.au/,61355721355,reception@hamiltoncollege.vic.edu.au,Success (Website)
00145E,Huntingtower School Association,http://www.huntingtower.vic.edu.au/,039807888,smchristensen@huntingtower.vic.edu.au,Success (CRICOS Fallback)
00147C,The Ivanhoe Grammar School,http://www.ivanhoe.com.au,94903501,info@ivanhoe.com.au,Success (Website)
00149A,Kilvington Grammar School Limited,http://www.kilvington.vic.edu.au/,0395786231,enquiries@kilvington.vic.edu.au,Success (Website)
00150G,Kingswood College Limited,www.kingswoodcollege.vic.edu.au,+610398961700,reception@kingswoodcollege.vic.edu.au,Success (Website)
00151G,The Knox School Limited,http://www.knox.vic.edu.au/,+61388053800,reception@knox.vic.edu.au,Success (Website)
00152F,Lauriston Girls' School,http://lauriston.vic.edu.au/,+61398647555,admissions@lauriston.vic.edu.au,Success (Website)
00161E,Kent Institute Australia Pty Ltd,https://kent.edu.au/important-dates/,61290935151,info@kent.edu.au,Success (Website)
00172B,Mercury Colleges Pty. Limited,www.mercurycolleges.nsw.edu.au,+61282111128,info@mercurycolleges.nsw.edu.au,Success (Website)
00181A,Lan-Grove Office Training Centre Pty Ltd,www.sbta.com.au,0292122522,info@sbta.com.au,Success (Website)
00197D,Acknowledge Education Pty Ltd,https://www.acknowledgeeducation.edu.au/,0396633399,craig.jones@ae.edu.au,Success (Website)
00202A,Cairns Business College Limited,www.cbcaustralia.com,0421775989,phil.nyssen@vitaecapital.com.au,Success (Website)
00212K,University of Canberra,https://www.canberra.edu.au,0262015871,Michelle.Lincoln@canberra.edu.au,Success (Website)
00213J,Queensland University of Technology (QUT),https://www.qut.edu.au/about,0731388086,vc@qut.edu.au,Success (CRICOS Fallback)
00219C,Central Queensland University,www.cqu.edu.au,61749309000,vp-research@cqu.edu.au,Success (Website)
00231G,Australian College of Natural Medicine Pty Ltd,www.endeavour.edu.au,1300462887,qualityfeedbackmonitor@endeavour.edu.au,Success (Website)
00233E,Griffith University,www.griffith.edu.au,0737355447,liz.burd@griffith.edu.au,Success (CRICOS Fallback)
00244B,University of Southern Queensland,http://www.usq.edu.au/study/international,1800007252,support@unisq.edu.au,Success (Website)
00246M,Think: Colleges Pty Ltd,www.think.edu.au,1300575803,futurestudents@torrens.edu.au,Success (Website)
00279B,Edith Cowan University,www.ecu.edu.au,0863045885,j.garman@ecu.edu.au,Success (CRICOS Fallback)
00300K,Charles Darwin University (CDU),www.cdu.edu.au,1800061963,student.central@cdu.edu.au,Success (Website)
00301J,Curtin University,www.curtin.edu.au,1300222888,access.ability@curtin.edu.au,Success (Website)
00322D,Melbourne Girls Grammar - An Anglican School,www.mggs.vic.edu.au,+61398629200,Principal@mggs.vic.edu.au,Success (Website)
00324B,Mentone Girls Grammar School,www.mentonegirls.vic.edu.au,+61395811200,info@mentonegirls.vic.edu.au,Success (Website)
00325A,Methodist Ladies' College Limited,www.mlc.vic.edu.au,+61392746333,college@mlc.vic.edu.au,Success (Website)
00331C,Life Ministry Centre Limited,www.oxley.vic.edu.au,397279900,office@oxley.vic.edu.au,Success (Website)
00333A,The Peninsula School,www.tps.vic.edu.au,+61397887777,info@pgs.vic.edu.au,Success (Website)
00334M,Presbyterian Ladies' College,www.plc.vic.edu.au,+61398085811,enquiries@plc.vic.edu.au,Success (Website)
00340B,Gippsland Grammar,www.gippslandgs.vic.edu.au,0351436313,enrolments@gippslandgrammar.au,Success (Website)
00341A,King's Christian Education Ltd.,www.kingscollege.qld.edu.au,0755877600,rdavis@kingscollege.qld.edu.au,Success (Website)
00343K,St Leonard's College,www.stleonards.vic.edu.au,0399099300,Principal@stleonards.vic.edu.au,Success (CRICOS Fallback)
00344J,St Margaret's School,www.stmargarets.vic.edu.au,+61397038111,info@smbg.vic.edu.au,Success (Website)
00345G,St Michael's Grammar School,www.stmichaels.vic.edu.au,+61385303200,community@stmichaels.vic.edu.au,Success (Website)
00348E,Tintern Grammar,www.tintern.vic.edu.au,61398457777,principal@tintern.vic.edu.au,Success (Website)
00349D,Toorak College,www.toorakcollege.vic.edu.au,61397887202,reception@toorakc.vic.edu.au,Success (Website)
00350M,Trinity Grammar School Kew,www.trinity.vic.edu.au,0398543600,trinity@trinity.vic.edu.au,Success (Website)
00354G,Wesley College Melbourne,www.wesleycollege.edu.au/,0418755294,nick.evans@wesleycollege.edu.au,Success (CRICOS Fallback)
00355F,Westbourne Grammar School,www.westbournegrammar.com,03209731209444,info@westbourne.vic.edu.au,Success (Website)
00356E,Yarra Valley Grammar School,www.yvg.vic.edu.au,+61392627700,reception@yvg.vic.edu.au,Success (Website)
00360J,Concordia College Inc,www.concordia.sa.edu.au,+61882714299,sjmail@concordia.sa.edu.au,Success (Website)
00362G,Immanuel College,www.immanuel.sa.edu.au,0883751700,johnthompson@immanuel.sa.edu.au,Success (CRICOS Fallback)
00365D,Mercedes College Springfield,www.mercedes.catholic.edu.au,+61883723200,mercedes@mercedes.catholic.edu.au,Success (Website)
00366C,Muirden Senior Secondary College,www.muirden.sa.edu.au,0882124342,muirden@muirden.sa.edu.au,Success (Website)
00367B,Pembroke School Inc,www.pembroke.sa.edu.au,+61883666200,enquiries@pembroke.sa.edu.au,Success (Website)
00368A,Prince Alfred College Inc,https://pac.edu.au/,0883341200,reception@pac.edu.au,Success (Website)
00369M,Pulteney Grammar School,,0882165555,principal@pulteney.sa.edu.au,Success (CRICOS Fallback)
00371F,St Aloysius College,www.sac.sa.edu.au,+61882173200,sac@sac.sa.edu.au,Success (Website)
00373D,St Peter's Collegiate Girls' School,www.stpetersgirls.sa.edu.au,+61883342200,cskewes@stpetersgirls.sa.edu.au,Success (Website)
00374C,Trinity College - North,,0885220642,david.kolpak@trinity.sa.edu.au,Success (CRICOS Fallback)
00375B,Wilderness School,www.wilderness.com.au,+61883446688,info@wilderness.com.au,Success (Website)
00379J,St Paul's International College,www.spic.nsw.edu.au,0248682211,info@spic.nsw.edu.au,Success (Website)
00380E,Ascham School Ltd,www.ascham.nsw.edu.au,+61283567000,Office@ascham.nsw.edu.au,Success (Website)
00382C,Georges River Grammar School Ltd,https://grg.nsw.edu.au/,0297257566,enquiries@grg.nsw.edu.au,Success (Website)
00399E,Knox Grammar School,www.knox.nsw.edu.au,0294870122,jamess@knox.nsw.edu.au,Success (CRICOS Fallback)
00401E,Masada College,www.masada.nsw.edu.au,0294493744,masada@staff.masada.nsw.edu.au,Success (Website)
00415K,Redeemer Baptist School Ltd,www.redeemer.nsw.edu.au,+61296306311,enquiries@redeemer.org.au,Success (Website)
00428E,Edmund Rice Education Australia Colleges Ltd,www.aquinas.wa.edu.au,0894500602,admin@aquinas.wa.edu.au,Success (Website)
00431K,Bunbury Cathedral Grammar School Inc,www.bcgs.wa.edu.au,0897226000,administration@bcgs.wa.edu.au,Success (Website)
00433G,Christ Church Grammar School Inc,www.ccgs.wa.edu.au,94421502,info@ccgs.wa.edu.au,Success (Website)
00437D,Guildford Grammar School Inc,www.ggs.wa.edu.au,+61893779222,admin@ggs.wa.edu.au,Success (Website)
00438C,The Governors of Hale School,www.hale.wa.edu.au,0893479725,headmaster@hale.wa.edu.au,Success (Website)
00441G,Methodist Ladies' College,www.mlc.wa.edu.au,+61893844000,rclarke@mlc.wa.edu.au,Success (Website)
00444E,Penrhos College,www.penrhos.wa.edu.au,+61893689500,harank@penrhos.wa.edu.au,Success (Website)
00445D,Perth College Inc,www.pc.wa.edu.au,0894712100,sarah.mcgarry@pc.wa.edu.au,Success (CRICOS Fallback)
00447B,Presbyterian Ladies College Incorporated,www.plc.wa.edu.au,0894246444,Cate.begbie@plc.wa.edu.au,Success (Website)
00449M,Scotch College,www.scotch.wa.edu.au,+61893836800,archives@scotch.wa.edu.au,Success (Website)
00451F,Mercy Education Limited,www.stbrigids.wa.edu.au,+610892904200,sbc@stbrigids.wa.edu.au,Success (Website)
00452E,St Hilda's Anglican School for Girls Inc.,www.sthildas.wa.edu.au,61892854100,sthildas@sthildas.wa.edu.au,Success (Website)
00454C,St Mary's Anglican Girls' School Inc,www.stmarys.wa.edu.au,+61893419111,stmarys@stmarys.wa.edu.au,Success (Website)
00460E,Wesley College,www.wesley.wa.edu.au,+61893688000,centralreception@wesley.wa.edu.au,Success (Website)
00463B,Canning College,www.canningcollege.wa.edu.au,+61892783500,leila.bothams@education.wa.edu.au,Success (Website)
00466K,St John's Catholic College,,0889822222,cameron.hughes@nt.catholic.edu.au,Success (CRICOS Fallback)
00477G,The Friends' School Incorporated,www.friends.tas.edu.au,+61362102200,enquiries@friends.tas.edu.au,Success (Website)
00478F,HUTCHINS SCHOOL BOARD OF MANAGEMENT,www.hutchins.tas.edu.au,+61362214200,Emma.Griffiths@hutchins.tas.edu.au,Success (Website)
00482K,ST MICHAEL'S COLLEGIATE SCHOOL,www.collegiate.tas.edu.au,+61203206211204911,collegiate@collegiate.tas.edu.au,Success (Website)
00487E,The Corporation of the Synod of the Diocese of Brisbane,,0738962201,alan.campbell@churchie.com.au,Success (CRICOS Fallback)
00488D,Blackheath and Thornburgh College,www.btc.qld.edu.au,0747875100,enquiries@btc.qld.edu.au,Success (Website)
00489C,Board of Trustees of the Brisbane Grammar School,www.brisbanegrammar.com,+61738345200,Anthony.Micallef@brisbanegrammar.com,Success (Website)
00491J,The Presbyterian and Methodist Schools Association,,0733093512,Headmaster_EO@bbc.qld.edu.au,Success (CRICOS Fallback)
00494F,Downlands College Ltd,,0746909609,principal@downlands.qld.edu.au,Success (CRICOS Fallback)
00496D,The Corporation of the Synod of the Diocese of Brisbane - The Glennie School,,0746888801,lowrye@glennie.qld.edu.au,Success (CRICOS Fallback)
00499A,Board of Trustees of the Ipswich Grammar School,www.ipswichgrammar.com,0738139600,aforsyth@ipswichgrammar.com,Success (Website)
00500B,John Paul College Limited,,0738263302,cmerritt@jpc.qld.edu.au,Success (CRICOS Fallback)
00503K,Lourdes Hill College,www.lhc.qld.edu.au,0733998888,admin@lhc.qld.edu.au,Success (Website)
00506G,The Roman Catholic Trust Corporation for the Diocese of Rockhampton,www.tccr.com.au,0749991300,tccr@tccr.com.au,Success (Website)
00507F,Board of Trustees of the Rockhampton Grammar School,www.rgs.qld.edu.au,0749360700,pmoulds@rgs.qld.edu.au,Success (Website)
00508E,Board of the Trustees of the Rockhampton Girls' Grammar School,www.rggs.qld.edu.au,0749300900,enrolments@rggs.qld.edu.au,Success (Website)
00509D,The Roman Catholic Trust Corporation for the Diocese of Cairns,www.sac.qld.edu.au,+61740529111,sac.admin@cns.catholic.edu.au,Success (Website)
00510M,The Corporation of the Synod of the Diocese of Brisbane - St Hilda's School,,0755777205,vwarner@sthildas.qld.edu.au,Success (CRICOS Fallback)
00511K,St Margaret's School Council Ltd,www.stmagarets.qld.edu.au,0738620777,rcurtis@stmargarets.qld.edu.au,Success (CRICOS Fallback)
00515F,The Corporation of the Synod of the Diocese of Brisbane,www.stpauls.qld.edu.au,61732611388,j.osw@stpauls.qld.edu.au,Success (Website)
00516E,Lutheran Church of Australia - Queensland District,www.stpeters.qld.edu.au,+61733776222,receptions@stpeters.qld.edu.au,Success (Website)
00517D,Education Institution Search,www.ssctwb.catholic.edu.au,,,Success (Website)
00521G,Somerset College Limited,www.somerset.qld.edu.au,0755597100,mail@somerset.qld.edu.au,Success (Website)
00522G,The Presbyterian and Methodist Schools Association,www.somerville.qld.edu.au,+61732489200,admin@somerville.qld.edu.au,Success (Website)
00523F,The Corporation of the Synod of the Diocese of Brisbane,www.tss.qld.edu.au,0755319911,reception@tss.qld.edu.au,Success (Website)
00524E,Stuartholme School,www.stuartholme.com,61733695466,admin@stuartholme.com,Success (Website)
00525D,Board of Trustees of the Toowoomba Grammar School,www.twgs.qld.edu.au,0746872500,tgs@twgs.qld.edu.au,Success (Website)
00533D,Board of Trustees of the Ipswich Girls' Grammar School,www.iggs.qld.edu.au,20+61207203454204447,reception@iggs.qld.edu.au,Success (Website)
00537M,The Uniting Church in Australia Property Trust (Q.),www.scotspgc.qld.edu.au,+61746669811,postbox@scotspgc.com.au,Success (Website)
00539J,Christian Outreach Centre,www.suncoastcc.qld.edu.au,0754513600,gmattiske@suncoastcc.qld.edu.au,Success (Website)
00540E,Bethel Christian School Limited,www.bethel.nsw.edu.au,0296254949,admin@bethel.nsw.edu.au,Success (Website)
00544A,Kinross Wolaroi School,www.kws.nsw.edu.au,0263920300,reception@kws.nsw.edu.au,Success (Website)
00553M,Education Institution Search,www.spcc.nsw.edu.au,0240628000,,Success (Website)
00557G,Ballarat and Clarendon College,,0353308200,bourke@clarendon.vic.edu.au,Success (CRICOS Fallback)
00558F,Loyola College,www.loyola.vic.edu.au,+61394344466,office@loyola.vic.edu.au,Success (Website)
00561M,Educational Enterprises Australia Pty Ltd,www.eynesbury.navitas.com,+61883022021,eynesbury@navitas.com,Success (Website)
00563J,Walford Anglican School for Girls,walford.net.au,0882726555,dnetolicky@walford.asn.au,Success (Website)
00564G,Board of Trustees of the Townsville Grammar School,www.tgs.qld.edu.au,47224900,tgs@tgs.qld.edu.au,Success (Website)
00572G,Edmund Rice Education Australia Colleges Ltd,www.nudgee.com,0738650555,contact@nudgee.com,Success (Website)
00574F,St. Catherine's School,www.stcatherines.net.au,+61398221285,info@stcatherines.net.au,Success (Website)
00577C,Strathcona Baptist Girls Grammar School Limited,www.strathcona.vic.edu.au,+61387797500,admin@strathcona.vic.edu.au,Success (Website)
00578B,Heathdale Christian College Limited,www.heathdale.vic.edu.au,0387463100,heathdale@heathdale.vic.edu.au,Success (Website)
00580G,Canberra Grammar School,www.cgs.act.edu.au,61262609700,info@cgs.act.edu.au,Success (Website)
00581G,Lutheran Church of Australia - Queensland District,,0746882700,Anton.Prinsloo@concordia.qld.edu.au,Success (CRICOS Fallback)
00586B,University of Tasmania (UTas),https://utas.edu.au/international,0362262098,Kate.Lee@utas.edu.au,Success (CRICOS Fallback)
00588M,NSW Department of Education,www.deinternational.nsw.edu.au,61292445555,isc@det.nsw.edu.au,Success (CRICOS Fallback)
00591E,Technical and Further Education Commission,https://www.tafensw.edu.au/international,+61279208888,chloe.read8@tafensw.edu.au,Success (Website)
00602G,Westminster School Inc,www.westminster.sa.edu.au,+61882760276,ws@westminster.school,Success (Website)
00603F,Saint Ignatius' College,www.ignatius.sa.edu.au,0881307180,admin@ignatius.sa.edu.au,Success (Website)
00608A,Department of Education,www.eqi.com.au,1800316540,EQInternational@qed.qld.gov.au,Success (Website)
00615B,Scotch College,www.scotch.sa.edu.au,0402715888,principal@scotch.sa.edu.au,Success (Website)
00617M,Monivae College,www.monivae.com.au,0355511245,jrowe@monivae.vic.edu.au,Success (CRICOS Fallback)
00624A,Scotch College,www.scotch.vic.edu.au,0398104200,Scott.Marsh@scotch.vic.edu.au,Success (CRICOS Fallback)
00628G,Seymour College Inc,www.seymour.sa.edu.au,0883039000,vbrowning@seymour.sa.edu.au,Success (CRICOS Fallback)
00629G,Loreto College,www.loreto.sa.edu.au,+61883344200,info@loreto.sa.edu.au,Success (Website)
00643J,ACT Education Directorate,,610262059242,Cathy.Crook@act.gov.au,Success (CRICOS Fallback)
00649C,Haileybury,www.haileybury.vic.edu.au,(03) 9213 2222,derekscott@haileybury.vic.edu.au,Success (CRICOS Fallback)
00650K,LAUNCESTON CHURCH GRAMMAR SCHOOL,www.lcgs.tas.edu.au,+61363365900,junior@lcgs.tas.edu.au,Success (Website)
00670F,Marist Schools Australia Limited,www.marash.qld.edu.au,+61738584555,marist@marash.qld.edu.au,Success (Website)
00712A,The Corporation of the Synod of the Diocese of Brisbane,www.taschool.qld.edu.au,0746398111,njohnstone@taschool.qld.edu.au,Success (CRICOS Fallback)
00713M,SCECGS Redlands Limited,www.redlands.nsw.edu.au,+61299093133,info@www.redlands.nsw.edu.au,Success (Website)
00715J,Edmund Rice Education Australia Colleges Ltd,www.stjamescollege.qld.edu.au,+61732308600,school@stjamescollege.qld.edu.au,Success (Website)
00724G,Melbourne Polytechnic,http://www.melbournepolytechnic.edu.au/,+611300635276,shortcourses@melbournepolytechnic.edu.au,Success (Website)
00745C,Catholic Education Western Australia Limited,www.aranmore.wa.edu.au,0892015200,principal@aranmore.wa.edu.au,Success (CRICOS Fallback)
00765K,Catholic Education Western Australia Limited,www.ursulafrayne.wa.edu.au,94700900,mark.antulov@cewa.edu.au,Success (CRICOS Fallback)
00770B,Trinity Anglican School Ltd,www.tas.qld.edu.au,0740368103,psjogren@tas.qld.edu.au,Success (Website)
00772M,Sydney Church of England Grammar School Council,www.shore.nsw.edu.au,+61299232277,headmaster@shore.nsw.edu.au,Success (Website)
00780M,Department of Education and Training,www.education.nt.gov.au,0889995895,internationalservice@education.nt.gov.au,Success (CRICOS Fallback)
00861K,Department of Education,http://www.study.vic.gov.au,0370088103,linda.vaughan@education.vic.gov.au,Success (CRICOS Fallback)
00871G,MERCY EDUCATION LIMITED,www.aloysius.vic.edu.au,+61393259200,enquiry@aloysius.vic.edu.au,Success (Website)
00874E,St Joseph's College,www.stjosephs.com.au,0397582000,info@stjosephs.com.au,Success (Website)
00878A,Lutheran Church of Australia - Queensland District,www.tlc.qld.edu.au,0755568336,tala.aufai@tlc.qld.edu.au,Success (Website)
00881F,Chisholm Institute,http://chisholm.edu.au,0392388407,peter.b.smith@chisholm.edu.au,Success (Website)
00897J,The Pittwater House Schools Ltd,www.pittwaterhouse.com.au,+61299814400,principal@tphs.nsw.edu.au,Success (Website)
00898G,Holmes Commercial Colleges (Melbourne) Limited,www.holmesinstitute.edu.au,0396622055,dmustafa@holmes.edu.au,Success (CRICOS Fallback)
00902F,A B Paterson College Limited,www.abpat.qld.edu.au,+61755947947,abpat@abpat.qld.edu.au,Success (Website)
00917K,Western Sydney University,https://www.westernsydney.edu.au/,1300668370,study@westernsydney.edu.au,Success (Website)
00923A,Redlands College Ltd,www.redlands.qld.edu.au,+61732860222,mail@redlands.qld.edu.au,Success (Website)
00958A,Alphacrucis University College Limited,http://ac.edu.au,1300228355,info@ac.edu.au,Success (Website)
00959M,The Cathedral School of St Anne and St James,www.cathedral.qld.edu.au,0747222000,tcs@cathedral.qld.edu.au,Success (Website)
00972C,Edmund Rice Education Australia Colleges Ltd,www.slc.qld.edu.au,0730101111,blowrie@slc.qld.edu.au,Success (Website)
00974A,The Ivanhoe Girls Grammar School,www.ivanhoegirls.vic.edu.au,+61394906222,enquiries@ivanhoegirls.vic.edu.au,Success (Website)
00977J,Melbourne Grammar School,www.mgs.vic.edu.au,+61398657555,pmgrutzner@mgs.vic.edu.au,Success (Website)
00978G,Seventh-Day Adventist Schools (Victoria) Limited,www.gilsoncollege.vic.edu.au,0393659365,admin.th@gilson.vic.edu.au,Success (Website)
00979G,All Saints Anglican School Limited,www.asas.qld.edu.au,0755302855,enquiries@asas.qld.edu.au,Success (Website)
00986G,Perth Bible College (Inc),www.pbc.wa.edu.au,0892432000,syoung@pbc.wa.edu.au,Success (Website)
00992K,Australian Islamic College (Perth) Inc,www.aic.wa.edu.au,0883407799,info@aic.wa.edu.au,Success (Website)
00993J,Whitsunday Anglican School Limited,www.was.qld.edu.au,+61749692000,principal@was.qld.edu.au,Success (Website)
00996F,Christian Outreach Centre,www.citipointe.qld.edu.au,+61735552701,mail@citipointe.qld.edu.au,Success (Website)
01016F,Christian Heritage College,www.chc.edu.au,+61733477900,cmurison@chc.edu.au,Success (Website)
01020K,UNSW Global Pty Limited,www.unswcollege.edu.au,1800171839,info@auscam.academy,Success (Website)
01022G,Korowa Anglican Girls School,www.korowa.vic.edu.au,+61388088888,fbooth@korowa.vic.edu.au,Success (Website)
01032F,The University of Notre Dame Australia,https://www.notredame.edu.au/,0282044157,David.Sadler@nd.edu.au,Success (CRICOS Fallback)
01043C,Hillcrest Christian College Limited,www.hillcrest.qld.edu.au,20+61207205593204226,jdavis@hillcrest.qld.edu.au,Success (Website)
01095B,Mueller College Ltd,www.mueller.qld.edu.au,0738972990,p.valese@mueller.qld.edu.au,Success (Website)
01097M,Nazareth College,www.nazareth.vic.edu.au,0397958100,Sam.Cosentino@nazareth.vic.edu.au,Success (CRICOS Fallback)
01100K,Girton Grammar School Ltd,www.girton.vic.edu.au,0354413114,reception@girton.vic.edu.au,Success (Website)
01102G,St Dominic's Priory College,https://stdominics.sa.edu.au/,0883315100,hsteele@stdominics.sa.edu.au,Success (Website)
01194K,St Aidan's School Council Ltd,www.staidans.qld.edu.au,+61733735999,reception@staidans.qld.edu.au,Success (Website)
01218G,Bendigo Kangan Institute,www.kangan.edu.au,1800148848,admissions@kangan.edu.au,Success (Website)
01220B,Mackillop Catholic Regional College,www.mackillop.vic.edu.au,0387345200,enquiries@mackillop.vic.edu.au,Success (Website)
01241G,Southern Cross University (SCU),https://www.scu.edu.au/,1800724357,enquiry@scu.edu.au,Success (Website)
01248A,Rivermount Education Ltd,www.rivermount.net,0732870000,enrolments@rivermount.qld.edu.au,Success (Website)
01260E,Lutheran Church of Australia Queensland District,www.plc.qld.edu.au,+61740399000,admin@plc.qld.edu.au,Success (Website)
01294F,Canberra Girls' Grammar School,www.cggs.act.edu.au,0262026404,principal@cggs.act.edu.au,Success (CRICOS Fallback)
01312J,Edith Cowan College Pty Ltd,www.edithcowancollege.edu.au,+61862791100,info@ecc.edu.au,Success (Website)
01317D,The Corporation of the Synod of the Diocese of Brisbane,www.stlukes.qld.edu.au,0741327555,matthew-hughes@stlukes.qld.edu.au,Success (Website)
01328A,ACAP University College,www.acap.edu.au,1800039139,joseph.anthonysz@navitas.com,Success (Website)
01329M,The Corporation of the Synod of the Diocese of Brisbane,www.wmac.com.au,0738134555,info@wmac.com.au,Success (Website)
01331F,Young Rabbit Pty Ltd,www.apc.edu.au,0414700777,dyoo@apc.edu.au,Success (Website)
01376D,Alphington Grammar School,www.alphington.vic.edu.au,0394974777,info@ags.vic.edu.au,Success (Website)
01378B,Education Institution Search,northpine.adventistconnect.org,,,Success (CRICOS Fallback)
01406C,FSAC Ltd,www.stjohnsanglicancollege.com.au,+61733720888,info@sjac.qld.edu.au,Success (Website)
01434K,Caloundra Christian College Limited,www.calcc.qld.edu.au,0754366777,enrolments@calcc.qld.edu.au,Success (Website)
01457C,Lutheran Church of Australia - Queensland District,www.immanuel.qld.edu.au,+61754773444,beveridgee@immanuel.qld.edu.au,Success (Website)
01461G,Nambour Christian College Ltd,www.ncc.qld.edu.au,+61754513333,info@ncc.qld.edu.au,Success (Website)
01488G,St Andrew's Grammar Inc.,www.sag.wa.edu.au,93033840,smacdonald@sag.wa.edu.au,Success (Website)
01497F,Focal Holdings Pty Ltd,www.tibc.nsw.edu.au,0475888882,info@tibc.nsw.edu.au,Success (Website)
01502C,Kardinia International College (Geelong) Ltd,www.kardinia.vic.edu.au,0352789999,kardinia@kardinia.vic.edu.au,Success (Website)
01529C,The Lake Joondalup Baptist College Inc,www.ljbc.wa.edu.au,0893007444,Paul.Sonneman-Smith@ljbc.wa.edu.au,Success (Website)
01535E,The Anglican Church of Australia Collegiate School of Saint Peter,www.stpeters.sa.edu.au,+61884040400,reception@stpeters.sa.edu.au,Success (Website)
01536D,Prescott College Southern,www.prescott.sa.edu.au,0882691655,info@prescottcollege.sa.edu.au,Success (Website)
01545C,Melbourne Institute of Technology Pty Ltd,http://www.mit.edu.au,+610386006700,enquiries@mit.edu.au,Success (Website)
01576G,Sydney Institute of Business and Technology Pty Ltd,www.sibt.nsw.edu.au,+61299646555,study@sibt.nsw.edu.au,Success (Website)
01577F,Australian Baptist Education Inc,www.qbc.wa.edu.au,08930588088,secondarystudents@qbc.wa.edu.au,Success (Website)
01589B,Education Institution Search,www.bedford.edu.au,1300174174,,Success (Website)
01590J,Melbourne Institute of Business & Technology Pty Ltd,www.deakincollege.edu.au,+61392445197,deakincollege@deakin.edu.au,Success (Website)
01592G,The Corporation of the Synod of the Diocese of Brisbane - Fraser Coast Anglican College,www.fcac.qld.edu.au,+61741245411,jwright@fcac.qld.edu.au,Success (Website)
01595D,University of the Sunshine Coast,https://www.usc.edu.au/,0754301101,information@unisc.edu.au,Success (Website)
01609C,Canterbury College Limited,www.canterbury.qld.edu.au,0414805118,d.walker@canterbury.qld.edu.au,Success (Website)
01611J,Prescott College,www.prescott.sa.edu.au,0882691655,info@prescottcollege.sa.edu.au,Success (Website)
01645K,Woodcroft College,http://www.woodcroft.sa.edu.au,+61883222333,warren_s@woodcroft.sa.edu.au,Success (Website)
01664G,Heights College Ltd,www.heights.qld.edu.au,0749231800,Principal@heights.qld.edu.au,Success (CRICOS Fallback)
01688K,Kennedy Baptist College Association Inc.,www.kennedy.wa.edu.au,0893147722,mashby@kennedy.wa.edu.au,Success (Website)
01723A,Department of Education,www.tafeinternational.wa.edu.au,+61892182100,jacqui.johnstone@dtwd.wa.gov.au,Success (Website)
01737F,Queensland Institute of Business and Technology Pty Ltd,www.griffithcollege.edu.au,+61755528500,hello@griffithcollege.edu.au,Success (Website)
01748C,Matthew Flinders Anglican College Limited,www.mfac.edu.au,0754773200,reception@mfac.edu.au,Success (Website)
01751G,Tenison Woods College,www.tenison.adl.catholic.edu.au,0887255455,mezid@tenison.catholic.edu.au,Success (CRICOS Fallback)
01774A,ASHT Pty Ltd,https://alliancecollege.edu.au/,0452178288,eva@alliancecollege.edu.au,Success (CRICOS Fallback)
01796F,Cambridge Academy of English Pty Ltd,https://vit.edu.au/,1300171755,harry@cambridgeqld.com,Success (Website)
01812M,Melbourne Rudolf Steiner Seminar Limited,http://steinerseminar.net.au/,0401850177,office@steinerseminar.edu.au,Success (Website)
01822J,ACPE Limited,www.acpe.edu.au,1300302867,jmontgomery@acpe.edu.au,Success (Website)
01850E,Seventh-day Adventist Schools (Western Australia) Limited,www.victoriaparkchristianschool.wa.edu.au,0893622626,admin@vpcs.wa.edu.au,Success (Website)
01854A,Dentos Pty Ltd,www.massageschools.com.au,+610755766366,enquiry@massageschools.com.au,Success (Website)
01855M,Kingsway Christian Education Association Inc.,www.kingsway.wa.edu.au,08 9302 8777,peter.burton@kcc.wa.edu.au,Success (Website)
01859G,Headmasters Academy Pty Ltd,www.headmasters.com.au,0399459522,hthirlwell@headmasters.com.au,Success (CRICOS Fallback)
01884F,Dance Factory Pty Ltd,www.dancefactory.com.au,0394299492,dancefac@netspace.net.au,Success (CRICOS Fallback)
01894D,Christian Resource Ministries Incorporated,https://christway.vic.edu.au/,+61385516650,kingston@christway.vic.edu.au,Success (Website)
01938G,Saint Stephen's College Ltd,www.saintstephenscollege.net.au,61755738600,info@ssc.qld.edu.au,Success (Website)
01958D,Waverley Christian College Inc,,0398718600,ramsay.r@wcc.vic.edu.au,Success (CRICOS Fallback)
01968B,Thomas Carr College Tarneit,,87342408,Rose.Connolly@thomascarr.vic.edu.au,Success (CRICOS Fallback)
01984B,Association for Christian Education Inc.,www.rehoboth.wa.edu.au,+61892749940,community@rehoboth.wa.edu.au,Success (Website)
01985A,Sunraysia Institute of TAFE,www.sunitafe.edu.au,1300478648,info@sunitafe.edu.au,Success (Website)
02025G,All Souls St Gabriels School Inc,www.allsouls.qld.edu.au,+61747871433,reception@allsouls.qld.edu.au,Success (Website)
02028E,Supreme Business College Pty Ltd,www.academies.edu.au,0292245522,g.rodriguez@academies.edu.au,Success (Website)
02029D,All Saints' College Inc.,www.allsaints.wa.edu.au,0893139333,info@allsaints.wa.edu.au,Success (Website)
02042G,Colleges of Business and Technology (WA) Pty Ltd,www.curtincollege.edu.au,+61862661600,info@curtincollege.edu.au,Success (Website)
02044E,Victorian Institute of Technology Pty Ltd,www.vit.edu.au,1300171755,info@vit.edu.au,Success (Website)
02117D,Speak College Pty Ltd,www.lalingua.com,0292810157,info@lalingua.com,Success (Website)
02137M,ILSC (Brisbane) Pty Ltd,www.ilsc.com.au,0292471744,lucas.chiusoli@ilsc.com.au,Success (Website)
02140E,Sydney School of Business and Technology Pty Ltd,www.ssbt.edu.au,1800318181,info@ssbt.edu.au,Success (Website)
02160A,Unity College Australia Incorporated,http://www.unity.edu.au,0261610050,jillianpryor@unity.edu.au,Success (CRICOS Fallback)
02177C,Sheldon College Ltd,www.sheldoncollege.com,0732065555,k.mortimer@sheldoncollege.com,Success (Website)
02184D,Caroline Chisholm Catholic College,www.cccc.vic.edu.au,0392965311,communications@cccc.vic.edu.au,Success (Website)
02189K,Ormiston College Ltd,www.ormistoncollege.com.au,+61738218999,uniformshop@ormistoncollege.com.au,Success (Website)
02193C,South Australian Institute of Business and Technology Pty Ltd,http://www.saibt.sa.edu.au,0883021596,saibt@navitas.com,Success (Website)
02205D,YWAM Townsville Assoc. Inc.,www.ywamtownsville.org,0747712123,training@ywamships.org,Success (Website)
02209M,Our Lady of the Sacred Heart College,www.olsh.catholic.edu.au,0882698800,olsh@olsh.catholic.edu.au,Success (Website)
02227J,Mercy Diocesan College,,0393199299,principal@mercycoburg.catholic.edu.au,Success (CRICOS Fallback)
02260G,The Hills Grammar School,www.hillsgrammar.nsw.edu.au,+61296542111,karen.yager@hillsgrammar.nsw.edu.au,Success (Website)
02266B,THE ATHENA SCHOOL LIMITED,www.athena.nsw.edu.au,0295570022,enquiries@athena.nsw.edu.au,Success (Website)
02267A,St Paul's Grammar School Penrith Ltd,www.stpauls.nsw.edu.au,0247774888,info@stpauls.nsw.edu.au,Success (Website)
02268M,Kincoppal - Rose Bay School,www.krb.nsw.edu.au,+61293886000,reception@krb.nsw.edu.au,Success (Website)
02269K,The Council of Macarthur Anglican School,www.macarthur.nsw.edu.au,0246475333,administration@macarthur.nsw.edu.au,Success (Website)
02270F,The Council of Abbotsleigh,www.abbotsleigh.nsw.edu.au,61294737777,bowdenr@abbotsleigh.nsw.edu.au,Success (Website)
02273C,The Association for Christian Education of Blacktown Ltd,www.tyndale.edu.au,0288117800,peter.deaudney@tyndale.edu.au,Success (Website)
02275A,Wenona School Ltd,www.wenona.nsw.edu.au,0294094400,ldouglas@wenona.nsw.edu.au,Success (CRICOS Fallback)
02276M,The Council of St Andrew's Cathedral School,www.sacs.nsw.edu.au,+61292869500,info@sacs.nsw.edu.au,Success (Website)
02277K,The Presbyterian Church (New South Wales) Property Trust,scotsallsaints.nsw.edu.au,0263313911,connect@scotsallsaints.nsw.edu.au,Success (Website)
02280D,The Presbyterian Church (New South Wales) Property Trust,www.plc.nsw.edu.au,+61297045666,enquiries@plc.nsw.edu.au,Success (Website)
02284M,Kambala,www.kambala.nsw.edu.au,+61293886777,principal@kambala.nsw.edu.au,Success (Website)
02285K,The Armidale School,www.as.edu.au,0267765800,principal@as.edu.au,Success (CRICOS Fallback)
02287G,The Presbyterian Church (New South Wales) Property Trust,www.tsc.nsw.edu.au,0293917600,principal@tsc.nsw.edu.au,Success (Website)
02290B,Council of Newington College,www.newington.nsw.edu.au,+61295689499,contact@newington.nsw.edu.au,Success (Website)
02293K,The McDonald College Limited,www.mcdonald.nsw.edu.au,+61297520500,reception@mcdonald.nsw.edu.au,Success (Website)
02295G,The Presbyterian Church (New South Wales) Property Trust,www.plcarmidale.nsw.edu.au/index.htm,0267701700,principal@plcarmidale.nsw.edu.au,Success (CRICOS Fallback)
02298E,Cranbrook School,www.cranbrook.nsw.edu.au,0293279426,seniorschool@cranbrook.nsw.edu.au,Success (Website)
02300E,The Council of The Illawarra Grammar School,www.tigs.nsw.edu.au,0242200200,jgreenhalgh@tigs.nsw.edu.au,Success (Website)
02301D,St John's Grammar School Inc,www.stjohns.sa.edu.au,+61882782242,registrar@stjohns.sa.edu.au,Success (Website)
02306K,Ravenswood School For Girls,www.ravenswood.nsw.edu.au,+61294989898,admin@ravenswood.nsw.edu.au,Success (Website)
02308G,The Council of Trinity Grammar School,www.trinity.nsw.edu.au,0295816020,tbowden@trinity.nsw.edu.au,Success (Website)
02315J,The William Branwhite Clarke College Council,www.wcc.nsw.edu.au,0288822100,head@wcc.nsw.edu.au,Success (Website)
02316G,Calrossy Anglican School,www.calrossy.nsw.edu.au,+61257765100,admin@calrossy.nsw.edu.au,Success (Website)
02318F,Meriden School,www.meriden.nsw.edu.au,1300105343,name@email.com,Success (Website)
02320A,The Council of Tara Anglican School for Girls,www.tara.nsw.edu.au,61296306655,tara@tara.nsw.edu.au,Success (Website)
02322K,"The Council of St Catherine's School, Waverley",www.stcaths.nsw.edu.au,0283056200,dmagill@stcatherines.nsw.edu.au,Success (CRICOS Fallback)
02326F,The Council of the King's School,www.kings.edu.au,0296838422,headmaster@kings.edu.au,Success (Website)
02328D,MLC School,www.mlcsyd.nsw.edu.au,0287413101,lmoloney@mlcsyd.nsw.edu.au,Success (CRICOS Fallback)
02333G,Bishop Druitt College Council Inc,www.bdc.nsw.edu.au,0266515644,enrolments@bdc.nsw.edu.au,Success (Website)
02340G,Pacific Group of Christian Schools Limited,www.pacifichills.nsw.edu.au,+61296510700,info@pacifichills.nsw.edu.au,Success (Website)
02342F,Coptic Orthodox Church (NSW) Property Trust,www.smcoc.nsw.edu.au,0437759859,deansa@stmarks.nsw.edu.au,Success (Website)
02344D,Newcastle Grammar School Ltd,www.ngs.nsw.edu.au,+61249295811,office@ngs.nsw.edu.au,Success (Website)
02375G,University Senior College at Adelaide University Inc,www.usc.adelaide.edu.au,202061874205115,media@adelaide.edu.au,Success (Website)
02379D,German School Johannes Gutenberg,www.germanschoolsydney.com,+61294851900,info@giss.nsw.edu.au,Success (Website)
02380M,Le Cordon Bleu Australia Pty Limited,www.cordonbleu.edu/australia,+61883483000,LCBA-PEO-rcointreau@cordonbleu.edu,Success (Website)
02398A,Academies Australasia Institute Pty Limited,www.academies.edu.au,0292245500,g.rodriguez@academies.edu.au,Success (Website)
02401M,Australian International High School Pty Limited,www.academies.nsw.edu.au,0292245500,g.rodriguez@academies.edu.au,Success (CRICOS Fallback)
02402K,Endeavour College Inc,www.endeavour.sa.edu.au,0883683311,admin@endeavour.sa.edu.au,Success (Website)
02411J,Box Hill Institute,www.boxhill.edu.au,92869267,ceooffice@boxhill.edu.au,Success (Website)
02423E,The Corporation of the Synod of the Diocese of Brisbane,www.cac.qld.edu.au,0755859900,cac@cac.qld.edu.au,Success (Website)
02427A,Education Institution Search,www.ozford.edu.au,,info@ozford.edu.au,Success (Website)
02439G,Academies Australasia Polytechnic Pty Limited,http://www.aapoly.edu.au/,0410117614,enquiries@aapoly.edu.au,Success (Website)
02447G,The Corporation of the Synod of the Diocese of Brisbane,www.saac.qld.edu.au,+61754715555,psoffice@saac.qld.edu.au,Success (Website)
02448G,Alia College Ltd,www.alia.vic.edu.au,0398229622,enrolments@alia.vic.edu.au,Success (Website)
02449F,Emmanuel Anglican College Council,www.eac.nsw.edu.au,0266815054,rtobias@eac.nsw.edu.au,Success (Website)
02468C,Geraldton Grammar School Inc.,www.geraldtongrammarschool.wa.edu.au,0899657800,brad.gill@gegs.wa.edu.au,Success (Website)
02475D,Victoria University,www.vu.edu.au/international,+61399191164,accessibility@vu.edu.au,Success (Website)
02483D,Australian Child Care Career Options (ACCCO) Pty Ltd,http://www.accco.com.au,07203257201972,info@accco.com.au,Success (Website)
02485B,Blackfriars Priory School,www.blackfriars.sa.edu.au,0438483997,contact@bps.sa.edu.au,Success (Website)
02491D,Top Education Group Ltd,https://www.imc.edu.au/,0292094888,recruitment@imc.edu.au,Success (Website)
02494A,Rabarl Pty Ltd,http://www.acah.edu.au,+61396548822,info@acah.edu.au,Success (Website)
02500G,Whitsundays College of English Pty Ltd,www.wce.edu.au,+61280670844,admission@wce.edu.au,Success (Website)
02501G,Ozford English Language Centre Pty Ltd,www.ozford.edu.au,0386637188,info@ozford.edu.au,Success (Website)
02506B,Australian National Institute of Business & Technology Pty Ltd,http://www.anibt.vic.edu.au,+61396202922,info@anibt.edu.au,Success (Website)
02527G,The Moerlina School Inc.,www.moerlina.wa.edu.au,0893845894,principal_ms@moerlina.wa.edu.au,Success (CRICOS Fallback)
02529F,Union Institute of Language - Springfield Campus Pty Ltd,,0734700011,principal@uil.edu.au,Success (CRICOS Fallback)
02537F,Presbyterian and Methodist Schools Association,www.scgs.qld.edu.au,0754454444,enquire@scgs.qld.edu.au,Success (Website)
02543G,Kingston International College Pty Ltd,www.kingstoncollege.wa.edu.au,61892288288,tandin.dorji@kingstoncollege.wa.edu.au,Success (Website)
02571D,Group Colleges Australia Pty Ltd,https://www.gca.edu.au/,1300422422,alan.bowen-james@ubss.edu.au,Success (Website)
02598D,Our Lady of the Sacred Heart Catholic College,www.olshalice.catholic.edu.au,61889506400,admin.olshalice@nt.catholic.edu.au,Success (Website)
02615G,Brisbane College of Australia Pty Ltd,,0732210005,joseph@bc.edu.au,Success (CRICOS Fallback)
02622J,Seventh-day Adventist Schools (Greater Sydney) Ltd,www.greatersydney.adventist.edu.au,0288765259,rhonda.belson@gs.adventist.edu.au,Success (CRICOS Fallback)
02634E,Australian Academy of Vocational Education and Trades Pty Ltd,http://www.academia21.com,+61396714755,melk@academia21.com,Success (Website)
02639M,Holmes Institute Pty Ltd,https://www.holmes.edu.au/,0396622055,melbourne@holmes.edu.au,Success (Website)
02644C,Education Centre of Australia Pty Ltd,www.elsis.edu.au,1800652091,sharon.oh@eca.edu.au,Success (Website)
02645B,A.I.W.T. Pty. Ltd.,www.aiwt.edu.au,0892499688,yvonne@aiwt.edu.au,Success (Website)
02647M,Australian Performing Arts Grammar School Limited,www.apgs.nsw.edu.au,+612002209518205123,admin@apgs.nsw.edu.au,Success (Website)
02658G,Logic Entity Australia Pty Ltd,www.abbeycollege.edu.au,0290558558,info@abbeycollege.edu.au,Success (Website)
02663M,Browns English Language School Pty Ltd,www.brownsenglish.edu.au,0732217871,info@browns.edu.au,Success (Website)
02664K,Excelsia University College,http://excelsia.edu.au/,61298198888,peter.mckeon@excelsia.edu.au,Success (CRICOS Fallback)
02668F,Pacific College Pty Ltd,www.pct.edu.au,+61296497767,info@pct.edu.au,Success (Website)
02672K,Greenwich College Pty Ltd,https://www.greenwichcollege.edu.au/,0272263773,mark.kehoe@nexted.com.au,Success (Website)
02674G,Australian Association for International Education Inc,www.iswa.wa.edu.au,61892851144,principal@iswa.wa.edu.au,Success (Website)
02684F,George Education Group Pty Ltd,https://wincollege.edu.au/,+61282529979,studentservice@win.edu.au,Success (Website)
02695C,Imagine Education Australia Pty Ltd as trustee for The Imagine Education Australia Unit Trust,https://www.imagineeducation.com.au/,+61755711122,info@imagineeducation.com.au,Success (Website)
02708C,Seventh-Day Adventist Schools (South Queensland) Limited,www.goldcoastchristiancollege.qld.edu.au,0755934571,info@goldcoastcc.qld.edu.au,Success (Website)
02709B,Trinity College Senior School,www.trinity.sa.edu.au,0885220666,chris.soar@trinity.sa.edu.au,Success (Website)
02723D,UOWC Ltd,www.uowcollege.edu.au,1300367869,felixl@uow.edu.au,Success (Website)
02724C,Australian International Islamic College Board Inc,www.aiic.qld.edu.au,+0733721400,admin@aiic.qld.edu.au,Success (Website)
02727M,Holmes Institute Pty Ltd,https://www.holmes.edu.au/,0396622055,melbourne@holmes.edu.au,Success (Website)
02731D,Avondale University,www.avondale.edu.au,+61249802377,malcolm.coulson@avondale.edu.au,Success (Website)
02743M,LYCEE CONDORCET THE INTERNATIONAL FRENCH SCHOOL OF SYDNEY LTD,www.condorcet.com.au,0293448692,principal@condorcet.com.au,Success (CRICOS Fallback)
02746G,Australia Moreton Education Group Pty Ltd,,07 3002 0888,ceo@qat.qld.edu.au,Success (CRICOS Fallback)
02751M,Education Institution Search,www.upc.edu.au,,,Success (CRICOS Fallback)
02759C,Kooralbyn Campus Inc,www.tkis.qld.edu.au,0755445500,admin@tkis.qld.edu.au,Success (Website)
02763G,Queensland International Study Group Pty Ltd,www.qii.qld.edu.au,0413531531,julie@qii.qld.edu.au,Success (Website)
02767C,Holmes Institute Pty Ltd,https://www.holmes.edu.au/,0396622055,melbourne@holmes.edu.au,Success (Website)
02790D,Hays International College Pty Ltd,www.hic.vic.edu.au,+6132098987222,benjamin.cheng@hic.vic.edu.au,Success (Website)
02799F,St George College Inc,www.sgc.sa.edu.au,0427991747,registrar@sgc.sa.edu.au,Success (Website)
02800G,Warwick Institute of Australia Pty Ltd,https://www.warwick.edu.au/,0292118838,info@warwick.edu.au,Success (Website)
02804C,EQUALS International (Aust) Pty Ltd,https://equals.edu.au/,0881120100,mchittleborough@equals.edu.au,Success (Website)
02815M,Menzies Institute of Technology Pty Ltd,http://www.menzies.vic.edu.au,1300244002,info@menzies.vic.edu.au,Success (Website)
02851G,Western Sydney University Enterprises Pty Limited,www.westernsydney.edu.au/thecollege,1300668370,study@westernsydney.edu.au,Success (Website)
02856B,Nova International Education Pty Ltd,www.novainstitute.net.au,+1300362883,info@nit.edu.au,Success (Website)
02868J,Australian Institute of Technical Training Pty Ltd,http://www.aitt.vic.edu.au,0396201100,s.sidhu@aitt.vic.edu.au,Success (CRICOS Fallback)
02870D,Crown Institute of Business and Technology Pty Ltd,https://www.cibt.edu.au,0431262400,info@cibt.edu.au,Success (Website)
02880B,The Quality Training and Hospitality College Pty Ltd,https://www.qca.edu.au/,1300511888,info@qca.edu.au,Success (Website)
02885G,Australian Language Schools Pty Ltd,www.ihbrisbane.com.au; www.alscertificates.com,0732293389,neil@ihbrisbane.com.au,Success (CRICOS Fallback)
02886G,Melbourne College of Hairdressing Beauty Therapy & Natural Medicine Pty Ltd,http://www.mcohb.com.au,0432663083,ceo@mcohb.edu.au,Success (CRICOS Fallback)
02892J,Education Institution Search,http://www.ithea.vic.edu.au,,,Success (CRICOS Fallback)
02899B,Kingston Training and Employment Pty Ltd,www.dnakingstontraining.edu.au,+61894794865,sonam@dnakingstontraining.edu.au,Success (Website)
02915G,Durban International College Pty Ltd,https://dic.edu.au/,1300409926,info@dic.edu.au,Success (CRICOS Fallback)
02925E,Education Training & Employment Australia Pty. Ltd.,http://www.etea.edu.au,0394500500,info@etea.edu.au,Success (Website)
02933E,Education Institution Search,www.alacchealth.edu.au,,,Success (CRICOS Fallback)
02934D,Southern Cross Education Institute Pty Ltd,www.scei.com.au,0382906377,cyrus.nickson@scei.edu.au,Success (Website)
02938M,Canterbury Technical Institute Pty Ltd,www.cti.qld.edu.au,+610731234055,info@cti.qld.edu.au,Success (Website)
02943C,Covenant College Tuggeranong ACT Association Incorporated,http://www.covenant.act.edu.au,0262942455,Principal@covenant.act.edu.au,Success (Website)
02945A,NEGS LIMITED,www.negs.nsw.edu.au,0267748700,enrolments@negs.nsw.edu.au,Success (Website)
02954M,Coolum Beach Christian College Ltd,www.cbcc.qld.edu.au,0754464780,kmcallister@cbcc.qld.edu.au,Success (Website)
02961A,Iascend Polytechnic Pty Ltd,www.mcfe.com.au,1300368883,amy@mcfe.com.au,Success (Website)
02975F,Astute Training Pty Ltd,www.astutetraining.com.au,1300282750,info@astutetraining.edu.au,Success (Website)
02992E,Queens Group Pty Ltd,http://www.rhodescollege.vic.edu.au/,0383950151,info@rhodescollege.vic.edu.au,Success (Website)
02996A,Star Gazers Education Pty Ltd,www.danford.edu.au,+61396421667,support@danford.edu.au,Success (Website)
03010G,Malekhu Investments Pty Ltd,www.queensford.edu.au,1300120457,info@queensford.edu.au,Success (Website)
03015B,New Cambridge College Sydney Inc,www.nccs.nsw.edu.au,61292126650,info@nccs.nsw.edu.au,Success (Website)
03016A,School of Hairdressing Pty Ltd,www.taylorweir.com.au,+61861030488,salon@taylorweir.com.au,Success (Website)
03020E,TAFE Queensland,www.tafeqld.edu.au,1300308233,TQIE.ExecutiveSupport@tafeqld.edu.au,Success (Website)
03024A,"Melbourne City Institute of Education Pty Ltd, as trustee for MCIE Unit Trust",www.mcie.edu.au,1300737004,info@mcie.edu.au,Success (Website)
03029G,Education Institution Search,www.accollege.edu.au,,,Success (CRICOS Fallback)
03033M,The Corporation of the Roman Catholic Diocese of Toowoomba,www.st-ursula.qld.edu.au,0746327611,adminstursulas@twb.catholic.edu.au,Success (Website)
03039E,Imperial Education Group Pty Ltd,www.ironwood.edu.au,6188227030020,info@ironwood.edu.au,Success (Website)
03041M,TasTAFE,www.tastafe.tas.edu.au/international,0361531199,ceo@tafe.tas.edu.au,Success (CRICOS Fallback)
03047E,Stanley International College Pty Ltd,www.stanleycollege.edu.au,61863719999,info@stanleycollege.edu.au,Success (Website)
03048D,Asia Pacific International College Pty Ltd,www.apicollege.edu.au,+1300870962,peo@apicollege.edu.au,Success (Website)
03053G,Australian Ideal College Pty Ltd,www.aic.edu.au,61292622968,info@aic.edu.au,Success (Website)
03057C,International College of Capoeira Pty Ltd,www.csf.edu.au,0292674768,info@csf.edu.au,Success (Website)
03071E,Australian Learning Group Pty Ltd,https://alg.edu.au/,1300254000,adam.davis@eduholdings.com.au,Success (Website)
03093K,Spencer College Pty Ltd,https://spencercollege.edu.au/,0732173313,admin@spencercollege.edu.au,Success (Website)
03105M,King's Institute of Management and Technology Pty Ltd,,0733922920,deepinder@kimt.edu.au,Success (CRICOS Fallback)
03122K,St George & Sutherland Community College Incorporated,http://www.sgscc.edu.au/international,0295283344,bmills@sgscc.edu.au,Success (Website)
03133G,Adelaide Institute of Business and Technology Pty Ltd,,0468612547,maryseth.olabre@aeg.edu.au,Success (CRICOS Fallback)
03147A,Australian Institute of Higher Education Pty Ltd,www.aih.nsw.edu.au,+6190208050,b.james@aih.edu.au,Success (Website)
03149K,International Institute of Management Pty Ltd,"www.americancollege.com.au, www.americancollege.edu.au",0733917599,bernard@americancollege.edu.au,Success (CRICOS Fallback)
03156M,Apex Institute of Education Pty Ltd,www.apexaustralia.edu.au,0280076262,sodhi@apexaustralia.edu.au,Success (Website)
03164M,Australian College of Technology and Business Pty Ltd,www.actb.com.au,0478255463,info@actb.com.au,Success (Website)
03171A,Australian Institute of Business and Management Pty Ltd,www.koi.edu.au,0292833583,doug@koi.edu.au,Success (Website)
03173K,ALIF Australia Pty Ltd,www.australisinstitute.nsw.edu.au,0296331222,info@australisinstitute.nsw.edu.au,Success (Website)
03182J,Beaconhills Christian College Ltd,www.beaconhills.vic.edu.au,0359453098,Stephen.mcginley@beaconhills.vic.edu.au,Success (Website)
03188C,West Australian Institute of Further Studies Pty Ltd,http://www.waifs.wa.edu.au,0862006200,Sean.tuhakaraina@waifs.wa.edu.au,Success (Website)
03208D,Captain Cook Institute Pty Ltd,www.georgebrown.nsw.edu.au,0292794949,director@georgebrown.nsw.edu.au,Success (CRICOS Fallback)
03217C,Central Australian Institute of Technology Pty Ltd,https://cac.edu.au/,1300258369,admission@cac.edu.au,Success (Website)
03220G,EIM International Training Pty Ltd,http://www.eiminternational.edu.au,0755757575,director@eim.edu.au,Success (CRICOS Fallback)
03222F,Australian Health and Science Institute Pty Ltd,http://www.ahsi.edu.au,61288066777,admissions@ahsi.edu.au,Success (Website)
03226B,BNB International Colleges Pty Ltd,https://bch.edu.au/,+61204802012320015,info@bch.edu.au,Success (Website)
03233C,Nan Tien Institute Limited,http://www.nantien.edu.au,+61242580700,president@nantien.edu.au,Success (Website)
03246J,Christian Community Ministries Ltd,www.groves.qld.edu.au,33805800,susan.hindle@groves.qld.edu.au,Success (Website)
03251A,Cairns College of English Pty Ltd,www.cceb.qld.edu.au,07 4041 2322,marketing@cceb.qld.edu.au,Success (Website)
03255G,Australian Professional Skills Institute Pty Ltd,www.apsi.wa.edu.au,0863654386,info@apsi.edu.au,Success (Website)
03256G,Nortwest Pty Ltd,https://www.nortwest.edu.au/,+61449955272,nortwest@nortwest.edu.au,Success (Website)
03268C,Gold Coast Learning Centre Pty Ltd,www.goldcoaststudy.com,(07) 5531 6788,scott@goldcoaststudy.com,Success (CRICOS Fallback)
03275D,Equanimity Consultants Pty Ltd,http://www.eei.wa.edu.au,61892281600,admissions@eei.wa.edu.au,Success (Website)
03282E,MVJ Enterprises Pty Ltd,www.perthcollege.com.au,0415418396,sekhonraman@yahoo.com,Success (CRICOS Fallback)
03285B,The Greek Orthodox Parish & Community of Belmore & District All Saints Ltd,www.allsaints.nsw.edu.au,0297046400,admin@allsaints.nsw.edu.au,Success (Website)
03288K,Pymble Ladies' College,www.pymblelc.nsw.edu.au,+61298557799,enrol@pymblelc.nsw.edu.au,Success (Website)
03290E,Stella Maris College,www.stellamaris.nsw.edu.au,+61299775144,administration@stellamaris.nsw.edu.au,Success (Website)
03298G,Genazzano FCJ College Limited,www.genazzano.vic.edu.au,+61388621000,principal@genazzano.vic.edu.au,Success (Website)
03300G,St Augustine's College Sydney,www.saintaug.nsw.edu.au,+61299388200,enquiries@saintaug.nsw.edu.au,Success (Website)
03312D,Navitas Bundoora Pty Ltd,http://www.latrobemelbourne.edu.au,0410968537,Struan.Robertson@latrobemelbourne.edu.au,Success (Website)
03317K,St Patrick's College Townsville Limited,www.stpatscollege.qld.edu.au,61747530300,office@stpatscollege.qld.edu.au,Success (Website)
03322B,Academique Pty Ltd,http://www.academique.qld.edu.au,0755263222,enrol@academique.com.au,Success (Website)
03326J,Rudolf Steiner Education Group Brisbane Inc,www.samfordsteiner.qld.edu.au,0734309600,csheard@samfordsteiner.qld.edu.au,Success (Website)
03328G,Skilled Services Australia Pty Ltd,https://www.skillsaustralia.edu.au/,+61861481300,info@skillsaustralia.edu.au,Success (Website)
03330B,Macquarie Grammar School Limited,www.macquariegrammarschool.edu.au,82688666,elee@apagroup.biz,Success (Website)
03332M,Diocese of Lismore Catholic Schools Limited,www.lism.catholic.edu.au,66220422,director@lism.catholic.edu.au,Success (Website)
03336G,Sydney Catholic Schools Ltd as Trustee for the Sydney Catholic Schools Trust,www.ceosyd.catholic.edu.au,0295696111,Executive.Director@scs.catholic.edu.au,Success (CRICOS Fallback)
03337F,St Scholastica's College,www.scholastica.nsw.edu.au,+61296602622,office@scholastica.nsw.edu.au,Success (Website)
03338E,Rosebank College,www.rosebank.nsw.edu.au,0297133118,enrolments@rosebank.nsw.edu.au,Success (Website)
03339D,Trustees of the Roman Catholic Church for the Diocese of Maitland-Newcastle,mn.catholic.edu.au,0249791200,info@mn.catholic.edu.au,Success (Website)
03352G,"Department for Education, Children and Young People",https://study.tas.gov.au,0361655727,info@study.tas.gov.au,Success (Website)
03364C,Education Institution Search,www.galstaun.nsw.edu.au,0299983200,admin@galstaun.nsw.edu.au,Success (Website)
03370E,Baris Education and Culture Foundation Limited,http://fountain.wa.edu.au/,0894583555,absentees@fountain.wa.edu.au,Success (Website)
03373B,Job Training Institute Pty Ltd,www.jti.edu.au,1300144584,lovleen@jti.edu.au,Success (Website)
03374A,Everest Institute of Education Pty Ltd,http://www.everest.edu.au,61383936550,jai@everest.edu.au,Success (Website)
03375M,AUSTRALIAN COLLEGE OF CHRISTIAN STUDIES LTD,www.ccs.edu.au,+61280008705,info@ccs.edu.au,Success (Website)
03377J,Signet Institute of Australia,www.acfe.edu.au,0449776091,navdeepkr@kfi.edu.au,Success (CRICOS Fallback)
03386G,Health Careers International Pty Ltd,https://www.hcigroup.com.au/,0394505102,arshad@healthcareers.edu.au,Success (Website)
03389E,Torrens University Australia Limited,https://www.torrens.edu.au/,1300575803,futurestudents@torrens.edu.au,Success (Website)
03391M,Sheridan College Inc,www.sheridan.edu.au,61+862224222,enquiries@sheridan.edu.au,Success (Website)
03392K,Australian College of the Arts Pty Ltd,www.collarts.edu.au,1300818777,info@collarts.edu.au,Success (Website)
03395G,Berkeley Business Institute Pty Ltd,www.berkeley.edu.au,0283166666,info@berkeley.edu.au,Success (Website)
03396F,CHC Services Pty Ltd,www.tacis.edu.au,1300769588,admission@tacis.edu.au,Success (Website)
03398D,Pal Buddhist School Limited,www.pal.nsw.edu.au,97557778,info@pal.nsw.edu.au,Success (Website)
03400D,Australian Academy of Nursing Pty Ltd,www.acos.edu.au,1300415233,info@acos.edu.au,Success (Website)
03401C,Max Therapy School Pty Ltd,www.mti.vic.edu.au,0413899445,Clinic@mti.vic.edu.au,Success (Website)
03402B,Australian Association of Education and Research Pty Ltd,http://www.ailfe.wa.edu.au,0426842801,shantha.velaitham@ailfe.wa.edu.au,Success (Website)
03404M,Amity College Australia Limited,www.amitycollege.nsw.edu.au,0287843111,raydogan@amity.nsw.edu.au,Success (CRICOS Fallback)
03406J,Lawson College Australia Pty Ltd,www.lawsoncollege.edu.au,61397912211,info@lawsoncollege.edu.au,Success (Website)
03407G,Institute of Health & Management Pty Ltd,http://www.ihm.edu.au/,+611800763757,enquiry@ihm.edu.au,Success (Website)
03411A,Iona Columba College Pty Ltd,www.iona.edu.au,0433508743,info@homestaynetwork.org,Success (Website)
03413K,GLOBAL TRAINING INNOVATIONS PTY. LTD.,www.oct.edu.au,+18006232642,alex.dunn@oct.edu.au,Success (Website)
03415G,TTY Collective Pty Ltd,,0731774535,admin@proteacollege.com.au,Success (CRICOS Fallback)
03417F,Charter Australia Pty Ltd,www.charter.edu.au,+61299555881,info@charter.edu.au,Success (Website)
03418E,Purna Yoga Ltd,www.byronyoga.com,+61266858327,info@byronyoga.com,Success (Website)
03423G,The Greek Orthodox Community of Oakleigh and District Inc,http://www.oakleighgrammar.vic.edu.au,0395696128,reception@oakleighgrammar.vic.edu.au,Success (Website)
03426E,Australian College of Business Intelligence Pty Ltd,http://www.acbi.edu.au,1300237741,fabio.mejia@aibi.edu.au,Success (Website)
03427D,Sydney Metro College Pty Ltd,www.sydneymetrocollege.edu.au,+61390770758,ram@sydneymetrocollege.edu.au,Success (Website)
03430J,Brighton Pacific Pty Ltd,https://aibtglobal.edu.au/,1300128199,academicenquiries@aibtglobal.edu.au,Success (Website)
03432G,Entrepreneur Education Pty Ltd,www.entrepreneur.edu.au,+61755386569,info@entrepreneur.edu.au,Success (Website)
03435D,Gateway College of Technology Pty Ltd,https://paragon.edu.au/,0370680005,info@paragon.edu.au%E2%80%8B%E2%80%8B%E2%80%8B,Success (Website)
03437B,Perth Technical College Pty Ltd,https://atc.wa.edu.au/,+61863778270,info@atc.wa.edu.au,Success (Website)
03442E,Australian Hospitality Skills Recognition Pty Ltd,www.asmitraining.edu.au,1300400269,%20admin@asmitraining.edu.au,Success (Website)
03443D,Global Business College Of Australia Pty Ltd,,0390413050,anh.tran@gbca.edu.au,Success (CRICOS Fallback)
03447M,Bankstown Community College Inc.,www.bcci.edu.au,0405316647,monique@bcci.edu.au,Success (Website)
03449J,Australian Harvard International College Pty Ltd,http://www.ahic.edu.au,0292680085,matrika@ahic.edu.au,Success (Website)
03450E,Global Education Consultant Pty Ltd,www.daltoncollege.com.au,0410023288,global.econsultant@gmail.com,Success (CRICOS Fallback)
03457J,Times Academy Pty Ltd,,0283166688,peo@times.edu.au,Success (CRICOS Fallback)
03461B,Australia Christian College Pty Ltd,accu.edu.au,0296221047,ceo@accu.edu.au,Success (CRICOS Fallback)
03465J,The Canberra Training School Pty. Ltd.,http://cbtc.edu.au/,1800830091,info@cbtc.edu.au,Success (Website)
03468F,Macallan College Pty Ltd,https://macallan.edu.au/,0497701035,deb.p@macallan.edu.au,Success (CRICOS Fallback)
03469E,Australian Institute of Advanced Studies Pty Ltd,www.aias.edu.au,+61733438073,erika@aias.edu.au,Success (Website)
03472K,Education Institution Search,,,,Success (CRICOS Fallback)
03473J,Aventia Institute Pty Ltd,www.aventia.edu.au,0731133213,amarpreet@aventia.edu.au,Success (CRICOS Fallback)
03474G,HCR Constructions Pty Ltd,https://sits.edu.au/,1300467487,info@sits.edu.au,Success (Website)
03480K,Australasian International Academy Pty Ltd,,1300242669,ceo@aiacademy.edu.au,Success (CRICOS Fallback)
03486D,AUSTRALIAN ACADEMY OF TRADES PTY LTD,,0413531531,jlsoh@yahoo.com,Success (CRICOS Fallback)
03500M,Adore Education Pty Ltd,http://www.vibecollege.edu.au,0730886644,pam@vibecollege.edu.au,Success (Website)
03505F,GRIFFIN COLLEGE OF MANAGEMENT & TECHNOLOGY PTY. LTD.,www.griffin.edu.au,0731065394,ceo@griffin.edu.au,Success (Website)
03507D,Australian Global College Pty Ltd,www.agc.edu.au,1300929222,adam@agc.edu.au,Success (CRICOS Fallback)
03509B,NEW ERA INSTITUTE PTY LTD,www.newerainstitute.edu.au,0405843684,info@newerainstitute.com.au,Success (CRICOS Fallback)
03512G,The Centre of Excellence Pty Ltd,https://www.thecentreofexcellence.com.au/,0352221818,anirban@coe.vic.edu.au,Success (Website)
03515D,KKTC EDUCATION PTY LTD,https://www.koolkidstrainingcollege.com.au,1300048133,sam@kktc.com.au,Success (CRICOS Fallback)
03519M,Linx Institute College Pty Ltd,www.linx.edu.au,0287763933,admission@linx.edu.au,Success (Website)
03520G,Frontier Leadership Pty Ltd,https://frontiereducation.edu.au/,+61721157877,study@frontiereducation.edu.au,Success (Website)
03521F,Transformations - Pathways to Competence and Developing Excellence Pty Ltd,http://skillstraining.edu.au,1300656669,joanna.kelly@academies.edu.au,Success (Website)
03523D,Student Development and Learning (SDL) Academy Pty Ltd,http://www.scsb.nsw.edu.au,0296333287,principal@scsb.nsw.edu.au,Success (Website)
03529J,Mechanical Institute of Training and Technology Pty Ltd,www.mitt.vic.edu.au,0394500500,info@mitt.edu.au,Success (Website)
03530E,The Cairnmillar Institute,http://www.cairnmillar.edu.au/,0398133400,dean@cairnmillar.edu.au,Success (CRICOS Fallback)
03535M,Polytechnic Institute Australia Pty Ltd,http://www.pia.edu.au/,+61283198202,info@pia.edu.au,Success (Website)
03537J,Australian Capital Group Pty Ltd,www.capital.edu.au,+61261470999,JAYA.RK@CAPITAL.EDU.AU,Success (Website)
03540C,Clinton Education Pty Ltd,,0383942064,ceo@clinton.edu.au,Success (CRICOS Fallback)
03542A,QIHE PTY LTD,http://www.mastery.edu.au,1300135825,info@mastery.edu.au,Success (Website)
03546G,Elite Education Group PTY. LTD.,https://vocational.ee.edu.au/,0292114958,chunj2006@gmail.com,Success (Website)
03547G,The Anglican Schools Commission Incorporated,www.ascinternational.wa.edu.au,0892860219,plaurence@asc.wa.edu.au,Success (Website)
03548F,Excellent Accounts Pty Ltd,http://www.skillsaustralia.edu.au/,+61861481300,info@skillsaustralia.edu.au,Success (Website)
03553J,ANIT Australia Pty Ltd,http://www.albrightinstitute.edu.au/,1300189154,info@albrightinstitute.edu.au,Success (Website)
03556F,Crown Education Pty Ltd,https://trinityinstitute.edu.au/,1300980497,info@trinityinstitute.edu.au,Success (Website)
03558D,Anglican Schools Corporation,www.rosevillecollege.com,0298841100,principal@roseville.nsw.edu.au,Success (Website)
03560K,Education Institution Search,https://www.windsorcollege.edu.au/,+61396630272,info@windsorcollege.edu.au,Success (Website)
03564F,GLOBAL COLLEGE AUSTRALASIA PTY. LTD.,https://www.globalcollege.edu.au,1300886340,admissions@globalcollege.edu.au,Success (Website)
03567C,Engineering Institute of Technology Pty Ltd,www.eit.edu.au,+61893211702,ceo.s.mackay@eit.edu.au,Success (Website)
03569A,Australis College Pty Ltd,https://aite.edu.au/,0272558206,info@australisinstitute.nsw.edu.au,Success (Website)
03575C,Care Plus Training Pty Ltd,www.nursetrainingaustralia.com.au,0407332238,raj@nta.edu.au,Success (CRICOS Fallback)
03576B,Learning Lab Pty Ltd,,0423227877,tp@kca.edu.au,Success (CRICOS Fallback)
03581E,Proteus Technologies Pty Ltd,https://ikon.edu.au/,1300613801,adam.davis@eduholdings.com.au,Success (Website)
03590D,AUSTRALIA ACADEMY INTERNATIONAL PTY LTD,www.niet.edu.au,0477808878,janene.barrett@niet.edu.au,Success (Website)
03592B,Melbourne City College Pty Ltd,www.melbournecitycollege.edu.au,0396148422,bell@melbournecitycollege.edu.au,Success (Website)
03595K,AUSTRALIAN HEALTH AND MANAGEMENT INSTITUTE PTY LTD,https://www.ahmi.edu.au/,+61296873323,opmgr@ahmi.edu.au,Success (Website)
03597G,LANEWAY EDUCATION PTY LTD,https://laneway.edu.au/,61290193377,administration@laneway.edu.au,Success (CRICOS Fallback)
03605B,Australian Frontline Training College Pty Ltd,www.ceetacollege.qld.edu.au,0733929242,adam.f@ceetacollege.qld.edu.au,Success (Website)
03610E,Australia Institute of Business & Technology - International Pty Ltd,,0286096676,info@aibti.edu.au,Success (CRICOS Fallback)
03611D,Zoi Education Pty Ltd,www.zoi.vic.edu.au,0403452505,eileen@zoi.vic.edu.au,Success (Website)
03614A,RANSFORD COLLEGE PTY LTD,,0280579358,apra@ransford.edu.au,Success (CRICOS Fallback)
03617J,Level Up Education & Training Academy Pty Ltd,,0390160595,gurbir.gill@levelupacademy.vic.edu.au,Success (CRICOS Fallback)
03620C,Sydney City College of Management Pty Ltd,https://sccm.edu.au/,0288720435,admissions@sccm.edu.au,Success (Website)
03622A,AISL PTY LTD,http://www.rosehillcollege.edu.au,0292111288,info@rosehillcollege.edu.au,Success (Website)
03623M,Strategix Training Group Pty Ltd,http://www.strategix.com.au,1300872464,enquiries@strategix.edu.au,Success (Website)
03627G,Education Institution Search,,,,Success (CRICOS Fallback)
03635G,Brighton College Pty Ltd,https://brighton.edu.au/,18002046220744,ceo@brighton.edu.au,Success (Website)
03636F,Lead College Pty Ltd,http://www.leadcollege.edu.au/,+61286685676,info@leadcollege.edu.au,Success (Website)
03638D,INT Nurse Training Pty Ltd,,18000468468,sarita@intnursetraining.com.au,Success (CRICOS Fallback)
03639C,MG Australia Group Pty Ltd,https://sic.edu.au/,1300807383,info@sic.edu.au,Success (Website)
03640K,Manigram Pty Ltd,,0732211626,r.pathak@axisinstitute.com.au,Success (CRICOS Fallback)
03642G,DOLPH LEARNING PTY LTD,https://uscohospitality.edu.au/,0402145323,admissions@uscohospitality.edu.au,Success (Website)
03644F,Key 2 Learning Pty Ltd,,0420843917,Alleyne.forjanic@key2learning.edu.au,Success (CRICOS Fallback)
03647C,EDUCATION AND INNOVATION GROUP AUSTRALIA PTY LTD,,0403227429,muhammad.khan@aei.edu.au,Success (CRICOS Fallback)
03648B,KNIT GROUP AUSTRALIA PTY LTD,,0425361641,ceo@ssc.edu.au,Success (CRICOS Fallback)
03651G,Akram Kahla Pty Ltd,,0287225090,admin@atqcollege.edu.au,Success (CRICOS Fallback)
03657A,F & Z EDUCATION PTY LTD,http://www.kingstonacademy.edu.au,0488666376,info@kingstonacademy.edu,Success (Website)
03658M,FSAC Ltd,www.tsac.qld.edu.au,0738148100,info@tsac.qld.edu.au,Success (Website)
03663C,Western Sydney University International College Pty Ltd,,0296859871,Amir.Mahmood@westernsydney.edu.au,Success (CRICOS Fallback)
03665A,Australian Professional Education Group Pty Ltd,,0292810600,ceo@metroinstitute.edu.au,Success (CRICOS Fallback)
03669G,Educare Training Institute of Australasia Pty Ltd,http://www.educare.edu.au,0420835520,jason@educare.edu.au,Success (Website)
03670D,Harbourside Institute of Australia Pty Ltd,www.harbourside.nsw.edu.au,+61292816898,Julia.hu@harbourside.nsw.edu.au,Success (Website)
03675K,Alana Kaye Group Pty Ltd,,0889426100,alana@alanakaye.edu.au,Success (CRICOS Fallback)
03677G,Sea English Academy International Pty Ltd,,0461543335,uday@aist.edu.au,Success (CRICOS Fallback)
03682M,Skills International Pty Ltd,,0297476000,chander@cnrservices.com.au,Success (CRICOS Fallback)
03683K,International College of Tasmania Pty Ltd,https://tascollege.edu.au/,0362955296,ceo@tascollege.edu.au,Success (CRICOS Fallback)
03687F,Australian College of Community and Health Services Pty Ltd,www.acchs.edu.au,0420450488,info@lightslategray-kudu-431435.hostingersite.com,Success (Website)
03689D,Downtown Australia Pty Ltd,,0274888700,info@kingsfordinternational.com.au,Success (CRICOS Fallback)
03690M,International College of Australia Pty Ltd,https://overseasstudentsaustralia.com/apps/institutions/institution/international-college-of-australia-pty-ltd/,0286287973,ceo@wsc.nsw.edu.au,Success (Website)
03693G,Villanova College,,0733945503,pbegg@vnc.qld.edu.au,Success (CRICOS Fallback)
03700C,Mint Training Pty Ltd,http://www.minttraining.edu.au/,0431379752,mint.academic@minttraining.edu.au,Success (Website)
03705J,The Institute of International Studies (TIIS) Pty Ltd,https://www.tiis.edu.au/,+61202208098200702,info@tiis.edu.au,Success (Website)
03714G,AUSTRALIAN INSTITUTE OF BUSINESS AND TECHNOLOGY PTY. LTD.,www.sis.edu.au,0485048999,enrol@sis.edu.au,Success (Website)
03715G,Australian Islamic College of Sydney,,0299336900,principal@aics.nsw.edu.au,Success (CRICOS Fallback)
03716F,Lutheran Church of Australia Queensland District,,0733408802,dschumacher@redeemer.com.au,Success (CRICOS Fallback)
03717E,Richmond School of Business Pty Ltd,www.rsb.edu.au,0288441000,zaman@rsb.edu.au,Success (Website)
03719C,St Stephen's School,www.ststephens.wa.edu.au,+61893067100,admincarramar@ststephens.wa.edu.au,Success (Website)
03722G,Smart Connection Company Pty Ltd,,0430458955,ceo@acab.edu.au,Success (CRICOS Fallback)
03723G,Ruby Institute Pty LTD,www.ruby.vic.edu.au,0421568005,info@ruby.vic.edu.au,Success (Website)
03724F,Mondairs PTY LTD,https://australianpolytechnic.edu.au/,1300595954,info@australianpolytechnic.edu.au,Success (Website)
03726D,Presbyterian Church of Queensland,www.fairholme.qld.edu.au,46884624,leigh.hobart@fairholme.qld.edu.au,Success (Website)
03727C,The Lions Institute Pty Ltd,,0292497800,roy@ssbt.nsw.edu.au,Success (CRICOS Fallback)
03732F,Leaders Institute Pty Ltd,http://www.leaders.edu.au,610731615566,studentsupport@leaders.edu.au,Success (Website)
03733E,YourLife Health and Learning Inc,www.schoolofhealth.edu.au,0422372366,Katie.lucas@opencolleges.edu.au,Success (CRICOS Fallback)
03736B,Sydney Centre for Finance Studies Pty Ltd,,0450592321,adhikaripathaksamiksha@gmail.com,Success (CRICOS Fallback)
03737A,Melbourne Centre for Technology Studies Pty Ltd,www.nsmt.vic.edu.au,0424129923,neha@nsmt.vic.edu.au,Success (CRICOS Fallback)
03739K,Southern Cross Education Institute (Higher Education) Pty Ltd,http://www.scei-he.edu.au,0396024110,enrol@scei-he.edu.au,Success (Website)
03741E,Tred Consultants Pty Ltd,www.tredcollege.edu.au,+61298707688,counsellor@tredcollege.edu.au,Success (Website)
03744B,Crown Institute of Higher Education Pty Ltd,,0299550488,narayan.tiwari@cihe.edu.au,Success (CRICOS Fallback)
03745A,Edmund Rice Education Australia Colleges Ltd,https://www.stbrendans.qld.edu.au/,0749399300,corboyr@sbc.qld.edu.au,Success (Website)
03747K,Australian National Academy of Education Pty Ltd,,0413351641,kishor@ridge.edu.au,Success (CRICOS Fallback)
03751C,Australian International Education Centre Pty Ltd,https://atinstitute.edu.au/,0291638977,tony@atinstitute.edu.au,Success (CRICOS Fallback)
03753A,Aspen Education Group Pty Ltd,https://www.aspencollege.edu.au/,+61872285424,info@aspencollege.edu.au,Success (Website)
03763K,Adelaide Institute of Higher Education Pty Ltd,www.aihe.sa.edu.au,+61884700156,info@aihe.sa.edu.au,Success (Website)
03764J,Lambda Education Pty Ltd,,0411745057,admin@ismt.edu.au,Success (CRICOS Fallback)
03770M,TKL College Pty Ltd,www.tkl.edu.au,+61286773602,info@tkl.edu.au,Success (Website)
03771K,Moreton Bay College,www.mbc.qld.edu.au,+61733908555,mail@mbc.qld.edu.au,Success (Website)
03772J,Moreton Bay Boys' College Limited,www.mbbc.qld.edu.au,0739069444,admin@mbbc.qld.edu.au,Success (Website)
03775F,Australian Institute of Electro Technology Pty Ltd,ausinet.edu.au,0862442575,kevin@ausinet.com.au,Success (CRICOS Fallback)
03776E,Eastlink Consulting Pty Ltd,,0396708868,eric.zhang@ail.edu.au,Success (CRICOS Fallback)
03778C,Victorian Institute of Education Pty ltd,www.vie.edu.au,0413910475,bal@vie.edu.au,Success (Website)
03779B,United Colleges of Australia Pty Ltd as the trustee for UCA Unit Trust,,0292674945,louie@unitedcolleges.edu.au,Success (CRICOS Fallback)
03781G,Australian College of International Studies Pty Ltd,http://www.acis.edu.au,03209089200873,jay@acis.edu.au,Success (Website)
03782G,A.M.A. Services (W.A.) Pty Ltd,,0439589088,mail@amawa.com.au,Success (CRICOS Fallback)
03783F,Active Transition Training Pty Ltd,https://mmc.edu.au/,1300271796,enquiries@mmc.edu.au,Success (Website)
03790G,Blue Lotus Academy Pty Ltd,,0393492513,rajesh@bluelotus.edu.au,Success (CRICOS Fallback)
03791F,Health Institute Australasia Pty Ltd,http://www.healthinstitute.edu.au,61755322001,support@healthinstitute.edu.au,Success (Website)
03792E,Sydney Metropolitan International College Pty Ltd,,0414479155,peo@smic.edu.au,Success (CRICOS Fallback)
03797M,Stirling Institute of Australia Pty Ltd,,0390207331,david.youssf@sia.edu.au,Success (CRICOS Fallback)
03800K,Australian College of Management and Innovation Pty Ltd,https://acmi.wa.edu.au/,+61482639889,info@acmi.wa.edu.au,Success (Website)
03801J,The Anglican Schools Commission Incorporated,,0892860290,plaurence@asc.wa.edu.au,Success (CRICOS Fallback)
03803G,Lindisfarne Anglican School,,0755905099,principal@lindisfarne.nsw.edu.au,Success (CRICOS Fallback)
03809A,Australian Campus Management Pty Ltd,www.ciom.edu.au,+61280075846,sso@ciom.edu.au,Success (Website)
03810G,CAREER READY PTY LTD,www.ric.edu.au,+61468800180,info@ric.edu.au,Success (Website)
03814D,HOWAYEK BLESSINGS LTD,,0295592434,katy.sawma@stmarouns.nsw.edu.au,Success (CRICOS Fallback)
03822D,Charlton Brown Pty Ltd,http://charltonbrown.com.au,0732160288,janene.barrett@charltonbrown.edu.au,Success (Website)
03831C,ILEARN OZ PTY LTD,,0425364345,shanta@ilearnoz.edu.au,Success (CRICOS Fallback)
03832B,Aus Crest Pty Ltd,,0433796766,paramountintcollege@gmail.com,Success (CRICOS Fallback)
03835K,Radix Education Pty Ltd,https://ciet.edu.au/,0261703300,info@ciet.edu.au,Success (Website)
03838G,FIRST CHOICE EDUCATION PTY. LTD.,,0450609186,ceo@iie.edu.au,Success (CRICOS Fallback)
03844J,Australian Institute of Business Intelligence Pty Ltd,www.aibi.edu.au,1300202320772041,carlos.munoz@aibihe.edu.au,Success (Website)
03845H,Higher Education Leadership Institute,,0410941964,peo@heli.edu.au,Success (CRICOS Fallback)
03849D,Inspired Australia Holdings PTY LTD,www.reddamhouse.com.au,0293694096,simon.lees@inspirededu.com,Success (Website)
03850M,Global Institute of Training and Education Pty Ltd,www.gite.edu.au,+61480371470,admissions@gite.edu.au,Success (Website)
03853H,Eastern College Australia Limited,www.eastern.edu.au,0397909200,info@eastern.edu.au,Success (Website)
03854G,LEARNVAULT PTY LTD,www.afcollege.edu.au,+612003206393203225,%20info@afcollege.edu.au,Success (Website)
03858C,THE EARLY CHILDHOOD LEARNING COMPANY PTY. LTD.,https://asia.edu.au/,0403143543,ceo@asia.edu.au,Success (Website)
03859B,Australian National Education Pty Ltd,,0292815929,ceo@ane.edu.au,Success (CRICOS Fallback)
03860J,Hills International College Ltd,,0755460667,darren.parks@hills.qld.edu.au,Success (CRICOS Fallback)
03868A,Mount Alvernia College Limited,,33576000,jenss@staff.mta.qld.edu.au,Success (CRICOS Fallback)
03869M,AUSTRALIAN EDUCATION AND LEARNING PTY LTD,,0400460504,daniel@crescent-college.com,Success (CRICOS Fallback)
03870G,Australian Scholar's College Pty Ltd,,0399586847,ceo@asc.edu.au,Success (CRICOS Fallback)
03874C,West Melbourne Institute of Technology Pty Ltd,www.wmit.edu.au,+61203209131208789,info@wmit.edu.au,Success (Website)
03878K,Opulence College Pty Ltd,,0421765173,info@opulencecollege.com.au,Success (CRICOS Fallback)
03880E,Bhairav Baba Pty Ltd,www.ccmtcollege.edu.au,0291881733,kpnepal206@gmail.com,Success (CRICOS Fallback)
03882C,ROCKFORD INTERNATIONAL COLLEGE PTY LTD,www.rockford.edu.au,+610285935200,admissions@rockford.edu.au,Success (Website)
03884A,Skills Training College Pty Ltd,,0434314393,director@skillstrainingcollege.com.au,Success (CRICOS Fallback)
03886K,Education Institution Search,,,,Success (CRICOS Fallback)
03888H,Australian City International College Pty Ltd,,0280348856,ceo@acicollege.edu.au,Success (CRICOS Fallback)
03899E,St. Mary’s Institute Pty Ltd,,0470609787,ceo@smi.edu.au,Success (CRICOS Fallback)
03904B,Reach Community College Pty Ltd,https://reachcollege.edu.au/,+61361695508,info@reachcollege.edu.au,Success (Website)
03906M,Sydney Metropolitan Institute of Technology Pty Ltd,http://www.sydneymet.edu.au/,1300186729,peo@sydneymet.edu.au,Success (Website)
03907K,AUSTRALIAN SOVEREIGN COLLEGE PTY LTD,ausc.edu.au,0362009550,ceo@ausc.edu.au,Success (Website)
03909H,CJAE Pty Ltd,,0397925259,info@angelinstitute.com.au,Success (CRICOS Fallback)
03916J,Kingsway College Pty Ltd,www.kingswaycollege.vic.edu.au,0392405072,info@kingswaycollege.vic.edu.au,Success (Website)
03917H,Shafston International Pty Ltd,,0438888001,peter.wei@shafston.edu,Success (CRICOS Fallback)
03920B,Fox Endeavours Pty Ltd,http://www.fox.edu.au,0889275995,jo@fox.edu.au,Success (Website)
03925H,Australasian College of Advanced Education Pty Ltd,,0411460111,cnb@primegroup.com.au,Success (CRICOS Fallback)
03927F,Highgate International College Pty Ltd,https://hic.edu.au/,+61863836555,admissions@hic.edu.au,Success (Website)
03931K,Loreto Normanhurst Limited,www.loretonh.nsw.edu.au,0294737300,reception@loretonh.nsw.edu.au,Success (Website)
03932J,ECA Higher Education Institute Pty Ltd,https://chs.edu.au/,1300219159,peo@chs.edu.au,Success (Website)
03933H,Contempo Education Pty Ltd,,0450555342,peo@contempocollege.edu.au,Success (CRICOS Fallback)
03935F,Helix College Pty Ltd,,1800443549,raphael.woolf@helixcollege.edu.au,Success (CRICOS Fallback)
03936E,J Chazzer & B Singh & H Singh,,0432425682,jagdeepsingh289@gmail.com,Success (CRICOS Fallback)
03938C,Signature Training Pty Ltd,http://www.signaturetraining.edu.au,04522023220813,info@signaturetraining.edu.au,Success (Website)
03939B,Massey College Pty Ltd,,61390084088,info.masseycollege@gmail.com,Success (CRICOS Fallback)
03943F,Australian Chiropractic College Limited,www.acc.sa.edu.au,0414634016,patrick.sim@acc.sa.edu.au,Success (Website)
03944E,INTERNATIONAL INSTITUTE OF SYDNEY PTY LTD,https://iis.edu.au/,1300526511,info@iis.edu.au,Success (Website)
03945D,The Bright College Pty Ltd,https://www.thebrightcollege.edu.au/,0862443233,admin@thebrightcollege.edu.au,Success (Website)
03946C,Penfold College Pty Ltd,,0386370343,admin@penfold.edu.au,Success (CRICOS Fallback)
03949M,Riverdale Institute Pty Ltd,,0436022725,info@riverdaleinstitute.com.au,Success (CRICOS Fallback)
03951F,Sunbeam International College Pty Ltd,https://sunbeam.edu.au/,1300799630,compliance@sunbeam.edu.au,Success (Website)
03954C,Australian Health and Horticulture Institute Pty Ltd,,0422657983,admin@ahhi.edu.au,Success (CRICOS Fallback)
03955B,Wisdom International College Pty Ltd,,0414688280,ceo@wisdomcollege.edu.au,Success (CRICOS Fallback)
03956A,Pioneer College Pty Ltd,https://pioneercollege.edu.au/,0433500276,admin@pioneercollege.edu.au,Success (Website)
03957M,Starford College Pty Ltd,,0493379983,ramandshrivastava98@gmail.com,Success (CRICOS Fallback)
03958K,Aim Institute Pty Ltd,,0424721300,info@aiminstitute.nsw.edu.au,Success (CRICOS Fallback)
03961D,J&L Consultancy Pty Ltd,bibe.tas.edu.au,1300470337,academics.bibe@gmail.com,Success (CRICOS Fallback)
03962C,Prospect Education Group Pty Ltd,,0433170802,Prospectedugroup@gmail.com,Success (CRICOS Fallback)
03964A,ADVANCE INSTITUTE AUSTRALIA PTY LTD,,0484897004,milan@advance.edu.au,Success (CRICOS Fallback)
03966K,NOVUS EDUCATION PTY LTD,,0425072090,admin@novuseducation.edu.au,Success (CRICOS Fallback)
03967J,Apex Institute of Higher Education Pty Ltd,https://apexhe.nsw.edu.au/,0280076262,info.he@apexaustralia.edu.au,Success (Website)
03970C,ADELAIDE EDUCATION AND TRAINING PTY LTD,,0882312020,eva@concordinstitute.edu.au,Success (CRICOS Fallback)
03972A,Australian Prime Education and Training Pty Ltd,,0421459313,chenqi9701@gmail.com,Success (CRICOS Fallback)
03976H,Easy Buy Products Pty Ltd,,0433940544,jaag27@gmail.com,Success (CRICOS Fallback)
03980A,FEDERATION ACADEMY AUSTRALIA PTY LTD,,1300202266,mel@federationacademy.edu.au,Success (CRICOS Fallback)
03981M,ALIT EDUCATION GROUP PTY. LTD.,,0399175018,ceo@alit.edu.au,Success (CRICOS Fallback)
03983J,AUSTRALIAN INSTITUTE OF DIGITAL TECHNOLOGY PTY LTD,https://aidt.edu.au/,0432039075,ceo@aidt.edu.au,Success (Website)
03985G,Australian International College of Skills & Education Pty Ltd,,0414977786,ceo@aicse.edu.au,Success (CRICOS Fallback)
03989C,Valley International Pty Ltd,https://valleycollege.edu.au/,1300140000,admin@valleycollege.edu.au,Success (Website)
04001M,Brooklyn International College Pty Ltd,https://brooklyn.edu.au/,+61298533253,info@brooklyn.edu.au,Success (Website)
04004H,Innovative College Pty Ltd,,0291694300,admission@invcollege.edu.au,Success (CRICOS Fallback)
04008D,Australian College of Vocational Education and Training Pty Ltd,https://www.acvet.edu.au/,+612013002003420846,info@acvet.edu.au,Success (Website)
04009C,National Academy of Professional Studies Pty Ltd,www.naps.edu.au,61285421753,admissions@naps.edu.au,Success (Website)
04011J,United Institute Pty Ltd,,0402740652,ceo@united.edu.au,Success (CRICOS Fallback)
04012H,Edunex Pty Ltd,,1300338639,info@edunex.edu.au,Success (CRICOS Fallback)
04013G,Queensland Institute of Higher Education Pty Ltd,https://www.aiihe.edu.au/,+61292611078,ceo@aiihe.edu.au,Success (Website)
04015E,Ivory Education Group Pty Ltd,https://ivoryinstitute.edu.au/,0470636729,info@ivoryinstitute.edu.au,Success (Website)
04021G,Alice Springs College of Australia Pty Ltd,http://www.asca.edu.au/,+61889523221,info@asca.edu.au,Success (Website)
04023E,Australian Virtus Institute Pty Ltd,www.avi.edu.au,0410431980,admissions@avi.edu.au,Success (Website)
04024D,Harvard International College Pty Ltd,,0478062465,info@horizon.edu.au,Success (CRICOS Fallback)
04027A,Australian Educare College Pty Ltd,,0439783881,aecsydney1@gmail.com,Success (CRICOS Fallback)
04030F,AUIPT GROUP PTY LTD,,0391238338,info@auipt.edu.au,Success (CRICOS Fallback)
04034B,Australian Vocational Training Academy Pty Ltd,,0361184611,info@avta.edu.au,Success (CRICOS Fallback)
04036M,Kingsford Education Group Pty Ltd,,0421939324,sumit@kaa.edu.au,Success (CRICOS Fallback)
04044M,Vigil International College Pty Ltd,,0420274303,ceo@vigilinternationalcollege.edu.au,Success (CRICOS Fallback)
04046J,Pace Business College Pty Ltd,www.allied.edu.au,1300927601,info@allied.edu.au,Success (Website)
04050B,ABBI Educational Services Pty Ltd,,0452502553,silkykhanuja@hotmail.com,Success (CRICOS Fallback)
04051A,The Ballarat Academy Pty Ltd,www.capstone.edu.au,0291638948,example@example.com,Success (Website)
04055H,Auscare Staffing Agency Pty Ltd,,0863643917,veronicah@auscaregroup.com.au,Success (CRICOS Fallback)
04057F,SECURITY COLLEGE OF AUSTRALIA Pty Ltd,,0409248286,Alizebafridi1122@gmail.com,Success (CRICOS Fallback)
04058E,Alma Mater College Australia Pty Ltd,,0386370110,welcome@amca.edu.au,Success (CRICOS Fallback)
04060M,Enlighten Talent Pty Ltd,,0272523611,chanel@greenwoodacademyaca.com.au,Success (CRICOS Fallback)
04061K,Britts College Pty Ltd,https://brittscollege.edu.au/,0478746000,nipun@brittscollege.com.au,Success (Website)
04062J,Auscanus Institute of Australia Pty Ltd,www.auscanus.edu.au,+61399458247,info@auscanus.edu.au,Success (Website)
04063H,Ming-De International School Toowoomba Inc,www.ming-de.qld.edu.au,0407177552,admin@ming-de.qld.edu.au,Success (Website)
04067D,WHITEHOUSE INTERNATIONAL COLLEGE PTY LTD,,0404328048,yvonne@whitehousecollege.edu.au,Success (CRICOS Fallback)
04069B,College of Nursing Education & Training Australia Pty Ltd,,0411410159,executive@nursingeta.com,Success (CRICOS Fallback)
04070J,Southern Institute of Early Learning and Leadership Pty Ltd,,0425301240,allen@siell.edu.au,Success (CRICOS Fallback)
04071H,D P TRAINING PTY LTD,https://www.dptraining.com.au/international,1300130487,TM@dptrainingconsultancy.com,Success (Website)
04073F,Daffodil International College Pty Ltd,https://daffodil.edu.au/,201300665737,info@daffodil.edu.au,Success (Website)
04074E,Australian Professional Training Academy Pty Ltd,,0466829418,sayeed.parvez@invicta.edu.au,Success (CRICOS Fallback)
04076C,Avalon College Pty Ltd,,0415369291,gm@avaloncollege.vic.edu.au,Success (CRICOS Fallback)
04078A,Southern Cross Institute (SCI),https://sci.edu.au/,0296333287,brian.english@sci.edu.au,Success (Website)
04079M,Thames International College Pty Ltd,,0412371977,tinternationalcollege@gmail.com,Success (CRICOS Fallback)
04084C,Concordia College - St Peters Campus Blackwood,,0882780800,aronoastro@concordia.sa.edu.au,Success (CRICOS Fallback)
04086A,Oban College Pty Ltd,www.oban.edu.au,0284157081,jd@oban.edu.au,Success (Website)
04087M,ELITE COLLEGE OF ENGLISH,,0283506773,harmonnia.j@ece.nsw.edu.au,Success (CRICOS Fallback)
04089J,Global Healthcare Management College Pty Ltd,https://ghmc.edu.au,0468282094,ghmcollege2020@gmail.com,Success (Website)
04090E,Sydney Polytechnic Institute,https://spi.nsw.edu.au/,0290576409,rob.forage@spi.nsw.edu.au,Success (CRICOS Fallback)
04095M,Australian Institute of Professional Counsellors,https://www.aipc.net.au,1800657667,sandra@aipc.net.au,Success (Website)
04096K,NATIONAL POLYTECHNIC OF AUSTRALIA PTY LTD,https://npa.edu.au,+61286096673,info@npa.edu.au,Success (Website)
04097J,Lincoln Institute of Higher Education Ltd,lincolnau.nsw.edu.au,+61290729950,amiya.bhaumik@lincolnau.nsw.edu.au,Success (Website)
04100H,Education Institution Search,,,,Success (CRICOS Fallback)
04101G,Dynamic Training Services Pty Ltd,,0430777303,ceo@dynamictraining.edu.au,Success (CRICOS Fallback)
04106B,States College Australia Pty Ltd,,0403650714,anilksth@gmail.com,Success (CRICOS Fallback)
04108M,IIVS Pty Ltd,https://www.paramount.edu.au,+61285290890,principal@paramount.edu.au,Success (Website)
04109K,Sharma Education Pty Ltd,,0391250960,admissions@eureka.edu.au,Success (CRICOS Fallback)
04110F,Australian Business Training Institute Pty Ltd,,0410032411,abtiedu21@gmail.com,Success (CRICOS Fallback)
04111E,Universal Training Institute Pty Ltd,,0411719140,australiauti@gmail.com,Success (CRICOS Fallback)
04112D,Education Institution Search,,,,Success (CRICOS Fallback)
04113C,Silverline College Pty Ltd,,0425691503,ceo.silverlinecollege@gmail.com,Success (CRICOS Fallback)
04123A,Austin Institute of Trades Pty Ltd,https://austin.edu.au/,+61399599891,info@austin.edu.au,Success (Website)
04128G,Rural Medical Education Australia Limited,,0427693823,megan@ruralmeded.org.au,Success (CRICOS Fallback)
04133K,Hillshire Investment Pty Ltd,,0431683059,a.pokhrel@hillshire.edu.au,Success (CRICOS Fallback)
04135H,Sydney College of Professional Education,https://www.scpe.edu.au,0285999887,info@scpe.edu.au,Success (Website)
04136G,VIITE Pty Ltd,,0410279652,ceo@viite.edu.au,Success (CRICOS Fallback)
04137F,Australian Higher Education Academy Pty Ltd,,0893210168,teresa@ahea.wa.edu.au,Success (CRICOS Fallback)
04142J,Epicure Skills Training,https://epicure.edu.au,+61466551404,info@epicure.edu.au,Success (Website)
04144G,Management Institute of Australia Pty Ltd,,1300060599,info@gcm.edu.au,Success (CRICOS Fallback)
04149B,Infinity Business College Pty Ltd,,0243027899,darren.evans@infinitybusinesscollege.nsw.edu.au,Success (CRICOS Fallback)
04155D,Phia Education Pty Ltd,https://hopkins.edu.au,+61893251390,enroll@hopkins.edu.au,Success (Website)
04156C,Australis Vocational College Pty Ltd,,0430033226,avcaustralia@gmail.com,Success (CRICOS Fallback)
04174A,Dynamite Management Australia Pty Ltd,,1300363207,abbe@dsa.com.au,Success (CRICOS Fallback)
04175M,Education Institution Search,,,,Success (CRICOS Fallback)
04178H,B&P Education Pty Ltd,www.ausfordcollege.edu.au,0433686477,webmaster@ausfordcollege.edu.au,Success (Website)
04180C,The Performance College Pty Ltd,https://tpc.edu.au,0390084043,info@tpc.edu.au,Success (Website)
04184K,Unified WA Pty Ltd,,0430170573,unifiedwatraining@gmail.com,Success (CRICOS Fallback)
04185J,Early Learning Professional Development Pty Ltd,,0391251790,chris@makingeducation.com.au,Success (CRICOS Fallback)
04186H,Clarence Valley Anglican School Council Inc,,0266428205,klisle@cvas.nsw.edu.au,Success (CRICOS Fallback)
04188F,Education Institution Search,myskillsaustralia.edu.au,,,Success (CRICOS Fallback)
04189E,Fusion College of Technology Pty Ltd,,0423882071,admin@fusioncollege.edu.au,Success (CRICOS Fallback)
04190A,Genesis Education and Training Pty Ltd,www.aimerscollege.edu.au,+61721116900,info@aimerscollege.edu.au,Success (Website)
04193J,JH HOWLAND GROUP PTY LTD,,0434015565,info@howlandacademy.com.au,Success (CRICOS Fallback)
04194H,Edinburgh Institute Pty Ltd,,61399643690,admin@edinburgh.edu.au,Success (CRICOS Fallback)
04202B,Southern Academy of Higher Education Pty Ltd,https://sahe.nsw.edu.au/,1300967477,info@sahe.nsw.edu.au,Success (Website)
04203A,TUT Training College Pty Ltd,,0396896755,samiabaho@hotmail.com,Success (CRICOS Fallback)
04213K,AUCTUS Consulting Pty Ltd,,0419814523,sam@auctus.com.au,Success (CRICOS Fallback)
04223H,AUSTRALIAN NURSING AND TRAINING SERVICES PTY LTD,,0295423340,ruby@austnursing.edu.au,Success (CRICOS Fallback)
04233F,Education Institution Search,,,,Success (CRICOS Fallback)
04234E,City College Pty Ltd,https://www.citycollege.edu.au/,+61497834448,marketing@citycollege.edu.au,Success (Website)
04248K,Australian Dance Institute Pty Ltd,,0449567334,marguerite.barber@yahoo.com,Success (CRICOS Fallback)
04249J,Adelaide University,,0883131426,dvca@adelaide.edu.au,Success (CRICOS Fallback)
04255M,Opal Education Group Pty Ltd,,0404944167,ceo@opal.edu.au,Success (CRICOS Fallback)
04257J,G5 BROTHERS PTY LTD,,0411216262,raju.s@onepath.edi.au,Success (CRICOS Fallback)
04258H,Melvic College Australia Pty Ltd,www.melvic.com.au,0420418189,info@melvic.com.au,Success (CRICOS Fallback)
04261B,Kentford International College Pty Ltd,https://www.kentford.edu.au/,+61087082082,ceo@kentford.edu.au,Success (Website)
04265J,Nova Anglia College Pty Ltd,https://www.nac.edu.au/,0422844280,program.design@novaangliacollege.com.au,Success (CRICOS Fallback)
04267G,Education Institution Search,,,,Success (CRICOS Fallback)
04268F,Reliable College of Nursing Pty Ltd,,1300683666,ceo@rcn.nsw.edu.au,Success (CRICOS Fallback)
04271M,Education Institution Search,,,,Success (CRICOS Fallback)
04273J,Australian College of Technical Studies Pty. Ltd.,https://actstudies.edu.au/,1800002287,ceo@actstudies.edu.au,Success (Website)
04274H,Study of Australian Technologies and Healthcare Education Pty Ltd,www.satheducation.com.au,0733197719,admin@satheducation.com.au,Success (Website)
04278D,CW EDUCATION GROUP PTY LTD,,0450891216,ceo@tia.edu.au,Success (CRICOS Fallback)
04282H,Sterling International Training and Education Pty Ltd,www.sterlinginternational.com.au,0438723634,sarah@sterlinginternational.com.au,Success (CRICOS Fallback)
04285E,Grampians College Pty Ltd,,0420800432,ceogrampians23@gmail.com,Success (CRICOS Fallback)
04289A,Australian School of Business Pty Ltd,www.australis.vic.edu.au,+61398637322,admin@australis.vic.edu.au,Success (Website)
04297A,AIdrones Pty Ltd,,0424267477,lakewoodgosford@gmail.com,Success (CRICOS Fallback)
04298M,AICE Pty Ltd,https://www.aice.edu.au/,+61886373202425,info@aice.edu.au,Success (Website)
04305F,Vocational Augment Pty Ltd,http://www.vat.vic.edu.au/,0434044422,enquiries.vat@gmail.com,Success (Website)
04308C,Sage College of Australia Pty Ltd,,0452634657,sagecollegeaus@gmail.com,Success (CRICOS Fallback)
04311H,Language Savvy Pty Ltd,https://englishwiseglobal.qld.edu.au/,0457128328,info@englishwiseglobal.qld.edu.au,Success (Website)
04313F,Siena College Limited,http://www.siena.vic.edu.au,0398350200,reception@siena.vic.edu.au,Success (Website)
04318A,UMA Education Solutions Ltd,https://uma.edu.au/,1300219391,m.charchouh@uma.edu.au,Success (Website)
04334A,Montford Group Pty Ltd,,0434640478,ceo@montford.edu.au,Success (CRICOS Fallback)
04337J,Australian Institute of Community and Health Management Pty Ltd,,0383768177,joseph@aichm.edu.au,Success (CRICOS Fallback)
04342A,Education and Career Hub Pty Ltd,www.lihe.edu.au,+61272321822,margot@lihe.edu.au,Success (Website)
04346H,Hampton College Pty Ltd,,0405234970,sam.sandhu@workext.com.au,Success (CRICOS Fallback)
04354H,Victorian Skills College Pty Ltd,,0422747019,victorianskillscollege@gmail.com,Success (CRICOS Fallback)
04359C,Imperial Institute QLD Pty Ltd,,0411965993,anurpuri1@gmail.com,Success (CRICOS Fallback)
04362H,Risen Star College of Technology & Business Pty Ltd,,0499824064,risenstars01@gmail.com,Success (CRICOS Fallback)
04363G,Hessel Pty Ltd,,0884620222,tanya@hesselgroup.com.au,Success (CRICOS Fallback)
04364F,Early Education Institute Pty Ltd,,0401765282,ali.k@eeitraining.edu.au,Success (CRICOS Fallback)
04366D,Sacre Coeur,https://sacrecoeur.vic.edu.au/,+61398352700,reception@sac.vic.edu.au,Success (Website)
04368B,National Diversity Institute of Australia Pty Ltd,,0488744192,info@pattyhealthandcare.com.au,Success (CRICOS Fallback)
04375C,Laurus Higher Education Pty Ltd,,0427341322,Stephen.Wigley@lauruseducation.com.au,Success (CRICOS Fallback)
04376B,INSTITUTE OF MANAGEMENT LEARNING PTY LTD,,0431281807,iml2k25@gmail.com,Success (CRICOS Fallback)
04377A,Aroha College Pty Ltd,www.arohacollege.com.au,1300800876,hello@arohacollege.edu.au,Success (Website)
04378M,Greenhouse Education Pty Ltd,www.greenhouseeducation.com,1300052805,enquiries@greenhouse.edu.au,Success (Website)
04382D,Inventive Institute Pty Ltd,,0434116273,rahbersadique1@gmail.com,Success (CRICOS Fallback)
04393A,Sydney Global Institute Pty Ltd,,0458358164,sugam@sgi.edu.au,Success (CRICOS Fallback)
04403D,International Business College Pty Ltd,http://ibc.edu.au,0413970068,philip.brown@ibc.edu.au,Success (Website)
04406A,Aurora Training Institute Pty Ltd,,1300936864,stuart@aurora.edu.au,Success (CRICOS Fallback)
