cricos_code,institution_name,website_url,phone_number,email
00001K,Canberra Institute of Technology,https://international.cit.edu.au/,0262073107,margot.mcneill@cit.edu.au
00002J,Macquarie University (Macquarie),http://www.mq.edu.au,61298504890,rorden.wilkinson@mq.edu.au
00003G,University of New England,http://www.une.edu.au,67732004,VC@une.edu.au
00004G,Australian Catholic University Limited,http://www.acu.edu.au,61294659091,Zlatko.Skrbis@acu.edu.au
00005F,Charles Sturt University (CSU),http://www.csu.edu.au,0263384209,vc@csu.edu.au
00008C,Monash University (Monash),http://www.monash.edu.au,0399059155,allie.clemans@monash.edu
00011G,Gordon Institute of TAFE,http://www.gordontafe.edu.au/,0352250660,international@gordontafe.edu.au
00012G,Holmesglen Institute,http://www.holmesglen.edu.au,0395641503,Mary.Faraone@holmesglen.edu.au
00017B,Bond University,http://www.bond.edu.au/,0755951055,registrar@bond.edu.au
00018A,Department for Education,http://www.internationalstudents.sa.edu.au,0434265110,narelle.slivak3@sa.gov.au
00020G,Department of Training and Workforce Development,http://www.tafeinternational.wa.edu.au/,0892182151,Jacqui.Johnstone@dtwd.wa.gov.au
00025B,The University of Queensland,http://www.uq.edu.au,0733652224,academic.registrar@uq.edu.au
00026A,The University of Sydney,http://sydney.edu.au,61293515051,vice.chancellor@sydney.edu.au
00051M,ELC Career College Pty Ltd,http://www.elc.edu.au,0292675688,david.scott@elc.edu.au
00057E,Alexander Language School Pty Ltd,http://www.sgis.wa.edu.au,0892860290,plaurence@asc.wa.edu.au
00092B,TAFE SA,http://www.tafesa.edu.au/international,72103833,Simone.Hawkins@tafesa.edu.au
00094M,South Australian College of English Pty Ltd,http://www.sacecoll.sa.edu.au,0884105222,mkazmi@sacecoll.sa.edu.au
00098G,The University of New South Wales (UNSW),http://www.unsw.edu.au,61293852800,dvcacademic@unsw.edu.au
00099F,University of Technology Sydney (UTS),http://www.uts.edu.au,95141513,mychel.palamountain@uts.edu.au
00102E,University of Wollongong (UoW),http://www.uow.edu.au,0242214140,hpartridge@uow.edu.au
00103D,Federation University Australia,http://www.federation.edu.au,0353279241,j.giri@federation.edu.au
00109J,The University of Newcastle (UoN),http://www.newcastle.edu.au,0249215114,dvc-academic@newcastle.edu.au
00111D,Swinburne University of Technology,https://www.swinburne.edu.au/international,0392143361,blneyland@swin.edu.au
00113B,Deakin University (Deakin),http://www.deakin.edu.au/,0392446570,n.calastas@deakin.edu.au
00114A,Flinders University,http://www.flinders.edu.au/,0882012061,colin.stirling@flinders.edu.au
00115M,La Trobe University (La Trobe),http://www.latrobe.edu.au/international,6134791061,S.Farraway@latrobe.edu.au
00116K,The University of Melbourne (UniMelb),http://www.unimelb.edu.au/,61383445245,academic-registrar@unimelb.edu.au
00117J,James Cook University,http://www.jcu.edu.au,0747814165,vc@jcu.edu.au
00120C,Australian National University,http://www.anu.edu.au/,0455904531,bree.slater@anu.edu.au
00121B,University of South Australia (UniSA),http://www.unisa.edu.au,0883024071,darren.turner@unisa.edu.au
00122A,Royal Melbourne Institute of Technology,http://www.rmit.edu.au,61399258606,academic.registrar@rmit.edu.au
00123M,The University of Adelaide (Adelaide),http://www.adelaide.edu.au,0883134001,start@adelaide.edu.au
00124K,Victoria University,http://www.vu.edu.au/,0399195077,John.Germov@vu.edu.au
00125J,Murdoch University (Murdoch),http://www.murdoch.edu.au,61893606000,Kelly.Smith@murdoch.edu.au
00126G,The University of Western Australia (UWA),http://www.uwa.edu.au/,0864880129,guy.littlefair@uwa.edu.au
00129E,Ballarat and Queen's Anglican Grammar School,http://www.bgs.vic.edu.au,53380816,headmaster@bgs.vic.edu.au
00131M,Billanook College Limited,http://www.billanook.vic.edu.au,(03) 9725 5388,roger.oates@billanook.vic.edu.au
00132K,Brighton Grammar School,http://www.brightongrammar.vic.edu.au/,0385912206,featherstonr@brightongrammar.vic.edu.au
00134G,Education Institution Search,http://www.cgs.vic.edu.au/,,
00135G,Carey Baptist Grammar School Limited,http://www.carey.com.au,0398161200,principal@carey.com.au
00136F,Caulfield Grammar School,http://www.caulfieldgs.vic.edu.au/,0395246262,AshleighMartin@caulfieldgs.vic.edu.au
00138D,Eltham College,http://www.elthamcollege.vic.edu.au/,94371421,rlisle@elthamcollege.vic.edu.au
00139C,Fintona Girls School,http://www.fintona.vic.edu.au/,0398804440,rfalloon@fintona.vic.edu.au
00140K,Firbank Grammar School,http://www.firbank.vic.edu.au,0395915188,jwilliams@firbank.vic.edu.au
00141J,Camberwell Anglican Girls' Grammar School,http://www.cggs.vic.edu.au,98131166,principal@cggs.vic.edu.au
00142G,The Geelong College,http://www.geelongcollege.vic.edu.au/,0352263111,info@geelongcollege.vic.edu.au
00143G,Geelong Grammar School,http://www.ggs.vic.edu.au,0352739247,principal@ggs.vic.edu.au
00144F,The Hamilton and Alexandra College,http://www.hamiltoncollege.vic.edu.au/,0355721355,mhorne@hamiltoncollege.vic.edu.au
00145E,Huntingtower School Association,http://www.huntingtower.vic.edu.au/,039807888,smchristensen@huntingtower.vic.edu.au
00147C,The Ivanhoe Grammar School,http://www.ivanhoe.com.au,94903501,gerard.foley@ivanhoe.com.au
00149A,Kilvington Grammar School Limited,http://www.kilvington.vic.edu.au/,0395786231,frenchr@kilvington.vic.edu.au
00150G,Kingswood College Limited,http://www.kingswoodcollege.vic.edu.au,98961700,Gamble.c@kingswoodcollege.vic.edu.au
00151G,The Knox School Limited,http://www.knox.vic.edu.au/,0388053800,nikki.kirkup@knox.vic.edu.au
00152F,Lauriston Girls' School,http://lauriston.vic.edu.au/,0398647555,partingtonsa@lauriston.vic.edu.au
00161E,Kent Institute Australia Pty Ltd,http://www.kent.edu.au,90935102,Srujal.Patel@kent.edu.au
00172B,Mercury Colleges Pty. Limited,http://www.mercurycolleges.nsw.edu.au,0282111113,jacob@mercurycolleges.nsw.edu.au
00181A,Lan-Grove Office Training Centre Pty Ltd,http://www.sbta.com.au,0292122522,principal@sbta.com.au
00197D,Acknowledge Education Pty Ltd,https://www.acknowledgeeducation.edu.au/,0396633399,craig.jones@ae.edu.au
00202A,Cairns Business College Limited,http://www.cbcaustralia.com,0421775989,phil.nyssen@vitaecapital.com.au
00212K,University of Canberra,https://www.canberra.edu.au,0262015871,Michelle.Lincoln@canberra.edu.au
00213J,Queensland University of Technology (QUT),http://www.qut.edu.au,0731388086,vc@qut.edu.au
00219C,Central Queensland University,http://www.cqu.edu.au,0749309752,VC-CQUniversity@cqu.edu.au
00231G,Australian College of Natural Medicine Pty Ltd,http://www.endeavour.edu.au,0419724483,sandra.poletto@endeavour.edu.au
00233E,Griffith University,http://www.griffith.edu.au,0737355447,liz.burd@griffith.edu.au
00244B,University of Southern Queensland,http://www.usq.edu.au/study/international,61746312168,DVCStudentsandEducation@unisq.edu.au
00246M,Think: Colleges Pty Ltd,http://www.think.edu.au,0419356435,Aleks.subic@torrens.edu.au
00279B,Edith Cowan University,http://www.ecu.edu.au,0863045885,j.garman@ecu.edu.au
00300K,Charles Darwin University (CDU),http://www.cdu.edu.au,0889466553,vc@cdu.edu.au
00301J,Curtin University,http://www.curtin.edu.au,61892663064,dvcg@curtin.edu.au
00322D,Melbourne Girls Grammar - An Anglican School,http://www.mggs.vic.edu.au,0398629200,Principal@mggs.vic.edu.au
00324B,Mentone Girls Grammar School,http://www.mentonegirls.vic.edu.au,95811202,principal@mentonegirls.vic.edu.au
00325A,Methodist Ladies' College Limited,http://www.mlc.vic.edu.au,0392746333,principal@mlc.vic.edu.au
00331C,Life Ministry Centre Limited,http://www.oxley.vic.edu.au,0417455880,prinsec@oxley.vic.edu.au
00333A,The Peninsula School,http://www.tps.vic.edu.au,0397887718,lturner@pgs.vic.edu.au
00334M,Presbyterian Ladies' College,http://www.plc.vic.edu.au,0398057802,emma.burgess@plc.vic.edu.au
00340B,Gippsland Grammar,http://www.gippslandgs.vic.edu.au,0351436313,Paul.Walton@gippslandgs.vic.edu.au
00341A,King's Christian Education Ltd.,http://www.kingscollege.qld.edu.au,0755877600,rdavis@kingscollege.qld.edu.au
00343K,St Leonard's College,http://www.stleonards.vic.edu.au,0399099300,Principal@stleonards.vic.edu.au
00344J,St Margaret's School,http://www.stmargarets.vic.edu.au,0397038111,romea@stmargarets.vic.edu.au
00345G,St Michael's Grammar School,http://www.stmichaels.vic.edu.au,0383503243,head@stmichaels.vic.edu.au
00348E,Tintern Grammar,http://www.tintern.vic.edu.au,0398547777,principal@tintern.vic.edu.au
00349D,Toorak College,http://www.toorakcollege.vic.edu.au,61397887202,reception@toorakc.vic.edu.au
00350M,Trinity Grammar School Kew,http://www.trinity.vic.edu.au,0398543600,farrera@trinity.vic.edu.au
00354G,Wesley College Melbourne,http://www.wesleycollege.edu.au/,0418755294,nick.evans@wesleycollege.edu.au
00355F,Westbourne Grammar School,http://www.westbournegrammar.com,0397319403,camm.adrian@westbourne.vic.edu.au
00356E,Yarra Valley Grammar School,http://www.yvg.vic.edu.au,0392627700,principal@yvg.vic.edu.au
00360J,Concordia College Inc,http://www.concordia.sa.edu.au,0428198708,pweinert@concordia.sa.edu.au
00362G,Immanuel College,http://www.immanuel.sa.edu.au,0883751700,johnthompson@immanuel.sa.edu.au
00365D,Mercedes College Springfield,http://www.mercedes.catholic.edu.au,0883723200,abalkwill@mercedes.catholic.edu.au
00366C,Muirden Senior Secondary College,http://www.muirden.sa.edu.au,0882124342,AFacchini@muirden.sa.edu.au
00367B,Pembroke School Inc,http://www.pembroke.sa.edu.au,0883666225,mstaker@pembroke.sa.edu.au
00368A,Prince Alfred College Inc,https://pac.edu.au/,0403025667,droberts@pac.edu.au
00369M,Pulteney Grammar School,,0882165555,principal@pulteney.sa.edu.au
00371F,St Aloysius College,http://www.sac.sa.edu.au,0882173223,registrar@sac.sa.edu.au
00373D,St Peter's Collegiate Girls' School,http://www.stpetersgirls.sa.edu.au,0883342200,cskewes@stpetersgirls.sa.edu.au
00374C,Trinity College - North,,0885220642,david.kolpak@trinity.sa.edu.au
00375B,Wilderness School,http://www.wilderness.com.au,0418853392,barnfield@wilderness.com.au
00379J,St Paul's International College,http://www.spic.nsw.edu.au,0248682211,info@spic.nsw.edu.au
00380E,Ascham School Ltd,http://www.ascham.nsw.edu.au,0283567000,headofschool@ascham.nsw.edu.au
00382C,Georges River Grammar School Ltd,https://grg.nsw.edu.au/,0403292227,ben.haeusler@grg.nsw.edu.au
00399E,Knox Grammar School,http://www.knox.nsw.edu.au,0294870122,jamess@knox.nsw.edu.au
00401E,Masada College,http://www.masada.nsw.edu.au,0294493744,rcharet@staff.masada.nsw.edu.au
00415K,Redeemer Baptist School Ltd,http://www.redeemer.nsw.edu.au,0296306311,rbschool@ozemail.com.au
00428E,Edmund Rice Education Australia Colleges Ltd,http://www.aquinas.wa.edu.au,0894500602,Robert.henderson@aquinas.wa.edu.au
00431K,Bunbury Cathedral Grammar School Inc,http://www.bcgs.wa.edu.au,0897226001,headofschool@bcgs.wa.edu.au
00433G,Christ Church Grammar School Inc,http://www.ccgs.wa.edu.au,94421502,ajones@ccgs.wa.edu.au
00437D,Guildford Grammar School Inc,http://www.ggs.wa.edu.au,0893779248,peter.allen@ggs.wa.edu.au
00438C,The Governors of Hale School,http://www.hale.wa.edu.au,0893479725,headmaster@hale.wa.edu.au
00441G,Methodist Ladies' College,http://www.mlc.wa.edu.au,893830208,rclarke@mlc.wa.edu.au
00444E,Penrhos College,http://www.penrhos.wa.edu.au,93689514,harank@penrhos.wa.edu.au
00445D,Perth College Inc,http://www.pc.wa.edu.au,0894712100,sarah.mcgarry@pc.wa.edu.au
00447B,Presbyterian Ladies College Incorporated,http://www.plc.wa.edu.au,0894246411,Cate.begbie@plc.wa.edu.au
00449M,Scotch College,http://www.scotch.wa.edu.au,0893841466,headmaster@scotch.wa.edu.au
00451F,Mercy Education Limited,http://www.stbrigids.wa.edu.au,0892904237,Parker.Veronica@stbrigids.wa.edu.au
00452E,St Hilda's Anglican School for Girls Inc.,http://www.sthildas.wa.edu.au,0892854100,principals.office@sthildas.wa.edu.au
00454C,St Mary's Anglican Girls' School Inc,http://www.stmarys.wa.edu.au,0893419101,principal@stmarys.wa.edu.au
00460E,Wesley College,http://www.wesley.wa.edu.au,0893688032,nathan.jessup@wesley.wa.edu.au
00463B,Canning College,http://www.canningcollege.wa.edu.au,0892783500,leila.bothams@education.wa.edu.au
00466K,St John's Catholic College,,0889822222,cameron.hughes@nt.catholic.edu.au
00477G,The Friends' School Incorporated,http://www.friends.tas.edu.au,0362102200,ehill@friends.tas.edu.au
00478F,HUTCHINS SCHOOL BOARD OF MANAGEMENT,http://www.hutchins.tas.edu.au,0362214223,rob.mcewan@hutchins.tas.edu.au
00482K,ST MICHAEL'S COLLEGIATE SCHOOL,http://www.collegiate.tas.edu.au,0362114911,principal@collegiate.tas.edu.au
00487E,The Corporation of the Synod of the Diocese of Brisbane,,0738962201,alan.campbell@churchie.com.au
00488D,Blackheath and Thornburgh College,http://www.btc.qld.edu.au,0747875100,principal@btc.qld.edu.au
00489C,Board of Trustees of the Brisbane Grammar School,http://www.brisbanegrammar.com,0738345200,Anthony.Micallef@brisbanegrammar.com
00491J,The Presbyterian and Methodist Schools Association,,0733093512,Headmaster_EO@bbc.qld.edu.au
00494F,Downlands College Ltd,,0746909609,principal@downlands.qld.edu.au
00496D,The Corporation of the Synod of the Diocese of Brisbane - The Glennie School,,0746888801,lowrye@glennie.qld.edu.au
00499A,Board of Trustees of the Ipswich Grammar School,http://www.ipswichgrammar.com,0738139601,aforsyth@ipswichgrammar.com
00500B,John Paul College Limited,,0738263302,cmerritt@jpc.qld.edu.au
00503K,Lourdes Hill College,http://www.lhc.qld.edu.au,0733998888,kgl@lhc.qld.edu.au
00506G,The Roman Catholic Trust Corporation for the Diocese of Rockhampton,http://www.tccr.com.au,0749991300,finance@tccr.com.au
00507F,Board of Trustees of the Rockhampton Grammar School,http://www.rgs.qld.edu.au,0749360615,pmoulds@rgs.qld.edu.au
00508E,Board of the Trustees of the Rockhampton Girls' Grammar School,http://www.rggs.qld.edu.au,0749300913,karakrehlik@rggs.qld.edu.au
00509D,The Roman Catholic Trust Corporation for the Diocese of Cairns,http://www.sac.qld.edu.au,0740529111,gseivers@cns.catholic.edu.au
00510M,The Corporation of the Synod of the Diocese of Brisbane - St Hilda's School,,0755777205,vwarner@sthildas.qld.edu.au
00511K,St Margaret's School Council Ltd,http://www.stmagarets.qld.edu.au,0738620777,rcurtis@stmargarets.qld.edu.au
00515F,The Corporation of the Synod of the Diocese of Brisbane,http://www.stpauls.qld.edu.au,0732611388,j.osw@stpauls.qld.edu.au
00516E,Lutheran Church of Australia - Queensland District,http://www.stpeters.qld.edu.au,0733776222,t.kotzur@stpeters.qld.edu.au
00517D,Education Institution Search,www.ssctwb.catholic.edu.au,,
00521G,Somerset College Limited,http://www.somerset.qld.edu.au,0439247472,civey@somerset.qld.edu.au
00522G,The Presbyterian and Methodist Schools Association,http://www.somerville.qld.edu.au,0732489212,DJPriest@somerville.qld.edu.au
00523F,The Corporation of the Synod of the Diocese of Brisbane,http://www.tss.qld.edu.au,0755319911,Mark.McFie@tss.qld.edu.au
00524E,Stuartholme School,http://www.stuartholme.com,0733695466,dcrump@stuartholme.com
00525D,Board of Trustees of the Toowoomba Grammar School,http://www.twgs.qld.edu.au,0746872517,j.payne@twgs.qld.edu.au
00533D,Board of Trustees of the Ipswich Girls' Grammar School,http://www.iggs.qld.edu.au,0734544447,kthompson@iggs.qld.edu.au
00537M,The Uniting Church in Australia Property Trust (Q.),http://www.scotspgc.qld.edu.au,0746669811,Amy.woodgate@scotspgc.com.au
00539J,Christian Outreach Centre,http://www.suncoastcc.qld.edu.au,0754513600,gmattiske@suncoastcc.qld.edu.au
00540E,Bethel Christian School Limited,http://www.bethel.nsw.edu.au,0296254949,aplichta@bethel.nsw.edu.au
00544A,Kinross Wolaroi School,http://www.kws.nsw.edu.au,0263920300,tjk@kws.nsw.edu.au
00553M,Education Institution Search,www.spcc.nsw.edu.au,,
00557G,Ballarat and Clarendon College,,0353308200,bourke@clarendon.vic.edu.au
00558F,Loyola College,http://www.loyola.vic.edu.au,0394330225,leutchforda@loyola.vic.edu.au
00561M,Educational Enterprises Australia Pty Ltd,http://www.eynesbury.navitas.com,0882169132,lynne.hoffmeister@navitas.com
00563J,Walford Anglican School for Girls,http://walford.net.au,0882726555,dnetolicky@walford.asn.au
00564G,Board of Trustees of the Townsville Grammar School,http://www.tgs.qld.edu.au,0747224900,Connor.Barrett@tgs.qld.edu.au
00572G,Edmund Rice Education Australia Colleges Ltd,http://www.nudgee.com,0738650401,sth@nudgee.qld.edu.au
00574F,St. Catherine's School,http://www.stcatherines.net.au,0398221285,ncharles@stcatherines.net.au
00577C,Strathcona Baptist Girls Grammar School Limited,http://www.strathcona.vic.edu.au,87797500,lbeegan@strathcona.vic.edu.au
00578B,Heathdale Christian College Limited,http://www.heathdale.vic.edu.au,0397491522,heathdale@heathdale.vic.edu.au
00580G,Canberra Grammar School,http://www.cgs.act.edu.au,0262609700,head@cgs.act.edu.au
00581G,Lutheran Church of Australia - Queensland District,,0746882700,Anton.Prinsloo@concordia.qld.edu.au
00586B,University of Tasmania (UTas),http://www.utas.edu.au/international,0362262098,Kate.Lee@utas.edu.au
00588M,NSW Department of Education,http://www.deinternational.nsw.edu.au,61292445555,isc@det.nsw.edu.au
00591E,Technical and Further Education Commission,https://www.tafensw.edu.au/international,79208022,chloe.read8@tafensw.edu.au
00602G,Westminster School Inc,http://www.westminster.sa.edu.au,0882760276,sshepherd@westminster.sa.edu.au
00603F,Saint Ignatius' College,http://www.ignatius.sa.edu.au,0883349300,p.donato@ignatius.sa.edu.au
00608A,Department of Education,http://www.eqi.com.au,0730344586,nathan.pugliese@qed.qld.gov.au
00615B,Scotch College,http://www.scotch.sa.edu.au,0402715888,tdriver@scotch.sa.edu.au
00617M,Monivae College,http://www.monivae.com.au,0355511245,jrowe@monivae.vic.edu.au
00624A,Scotch College,http://www.scotch.vic.edu.au,0398104200,Scott.Marsh@scotch.vic.edu.au
00628G,Seymour College Inc,http://www.seymour.sa.edu.au,0883039000,vbrowning@seymour.sa.edu.au
00629G,Loreto College,http://www.loreto.sa.edu.au,0883344200,kylie.mccullah@loreto.sa.edu.au
00643J,ACT Education Directorate,,610262059242,Cathy.Crook@act.gov.au
00649C,Haileybury,http://www.haileybury.vic.edu.au,(03) 9213 2222,derekscott@haileybury.vic.edu.au
00650K,LAUNCESTON CHURCH GRAMMAR SCHOOL,http://www.lcgs.tas.edu.au,0363365900,dbennett@lcgs.tas.edu.au
00670F,Marist Schools Australia Limited,http://www.marash.qld.edu.au,0738584555,newmanm@marash.qld.edu.au
00712A,The Corporation of the Synod of the Diocese of Brisbane,http://www.taschool.qld.edu.au,0746398111,njohnstone@taschool.qld.edu.au
00713M,SCECGS Redlands Limited,http://www.redlands.nsw.edu.au,0299689802,scorcoran@redlands.nsw.edu.au
00715J,Edmund Rice Education Australia Colleges Ltd,http://www.stjamescollege.qld.edu.au,0732308600,arice@stjamescollege.qld.edu.au
00724G,Melbourne Polytechnic,http://www.melbournepolytechnic.edu.au/,610392691222,ceo@melbournepolytechnic.edu.au
00745C,Catholic Education Western Australia Limited,http://www.aranmore.wa.edu.au,0892015200,principal@aranmore.wa.edu.au
00765K,Catholic Education Western Australia Limited,http://www.ursulafrayne.wa.edu.au,94700900,mark.antulov@cewa.edu.au
00770B,Trinity Anglican School Ltd,http://www.tas.qld.edu.au,0740368103,psjogren@tas.qld.edu.au
00772M,Sydney Church of England Grammar School Council,http://www.shore.nsw.edu.au,0299561101,headmaster@shore.nsw.edu.au
00780M,Department of Education and Training,http://www.education.nt.gov.au,0889995895,internationalservice@education.nt.gov.au
00861K,Department of Education,http://www.study.vic.gov.au,0370088103,linda.vaughan@education.vic.gov.au
00871G,MERCY EDUCATION LIMITED,http://www.aloysius.vic.edu.au,0393290411,principal@aloysius.vic.edu.au
00874E,St Joseph's College,http://www.stjosephs.com.au,0397582000,principal@stjosephs.com.au
00878A,Lutheran Church of Australia - Queensland District,http://www.tlc.qld.edu.au,0755568200,laura.robbins@tlc.qld.edu.au
00881F,Chisholm Institute,http://chisholm.edu.au,0392388407,peter.b.smith@chisholm.edu.au
00897J,The Pittwater House Schools Ltd,http://www.pittwaterhouse.com.au,0299814400,principal@tphs.nsw.edu.au
00898G,Holmes Commercial Colleges (Melbourne) Limited,http://www.holmesinstitute.edu.au,0396622055,dmustafa@holmes.edu.au
00902F,A B Paterson College Limited,http://www.abpat.qld.edu.au,0755597947,jsheehy@abpat.qld.edu.au
00917K,Western Sydney University,http://www.westernsydney.edu.au,0466405403,N.Murdoch@westernsydney.edu.au
00923A,Redlands College Ltd,http://www.redlands.qld.edu.au,0732860222,ajohnson@redlands.qld.edu.au
00958A,Alphacrucis University College Limited,http://ac.edu.au,0288939067,david.perry@ac.edu.au
00959M,The Cathedral School of St Anne and St James,http://www.cathedral.qld.edu.au,0747222000,luke.baills@cathedral.qld.edu.au
00972C,Edmund Rice Education Australia Colleges Ltd,http://www.slc.qld.edu.au,0730101105,blowrie@slc.qld.edu.au
00974A,The Ivanhoe Girls Grammar School,http://www.ivanhoegirls.vic.edu.au,0394906201,principal@ivanhoegirls.vic.edu.au
00977J,Melbourne Grammar School,http://www.mgs.vic.edu.au,98657503,pmgrutzner@mgs.vic.edu.au
00978G,Seventh-Day Adventist Schools (Victoria) Limited,http://www.gilsoncollege.vic.edu.au,0393659365,raelene.delvin@gilson.vic.edu.au
00979G,All Saints Anglican School Limited,http://www.asas.qld.edu.au,0755302855,mcorbett@asas.qld.edu.au
00986G,Perth Bible College (Inc),http://www.pbc.wa.edu.au,92432000,syoung@pbc.wa.edu.au
00992K,Australian Islamic College (Perth) Inc,http://www.aic.wa.edu.au,93622100,abdullah@aic.wa.edu.au
00993J,Whitsunday Anglican School Limited,http://www.was.qld.edu.au,0749692011,principal@was.qld.edu.au
00996F,Christian Outreach Centre,http://www.citipointe.qld.edu.au,0735552700,ruthg@citipointe.qld.edu.au
01016F,Christian Heritage College,http://www.chc.edu.au,0733477981,cmurison@chc.edu.au
01020K,UNSW Global Pty Limited,http://www.unswcollege.edu.au,0289362015,S.Lightfoot@unswcollege.edu.au
01022G,Korowa Anglican Girls School,http://www.korowa.vic.edu.au,88088804,fbooth@korowa.vic.edu.au
01032F,The University of Notre Dame Australia,http://www.nd.edu.au,0282044157,David.Sadler@nd.edu.au
01043C,Hillcrest Christian College Limited,http://www.hillcrest.qld.edu.au,55934226,jdavis@hillcrest.qld.edu.au
01095B,Mueller College Ltd,http://www.mueller.qld.edu.au,0738972725,p.valese@mueller.qld.edu.au
01097M,Nazareth College,http://www.nazareth.vic.edu.au,0397958100,Sam.Cosentino@nazareth.vic.edu.au
01100K,Girton Grammar School Ltd,http://www.girton.vic.edu.au,0354413114,principal@girton.vic.edu.au
01102G,St Dominic's Priory College,https://stdominics.sa.edu.au/,0883315103,hsteele@stdominics.sa.edu.au
01194K,St Aidan's School Council Ltd,http://www.staidans.qld.edu.au,0733735999,t.riordan@staidans.qld.edu.au
01218G,Bendigo Kangan Institute,http://www.kangan.edu.au,0392792379,CEO@bendigokangan.edu.au
01220B,Mackillop Catholic Regional College,http://www.mackillop.vic.edu.au,0387345200,principal@mackillop.vic.edu.au
01241G,Southern Cross University (SCU),http://www.scu.edu.au,0266269148,apo@scu.edu.au
01248A,Rivermount Education Ltd,http://www.rivermount.net,0732870000,r.young@rivermount.net
01260E,Lutheran Church of Australia Queensland District,http://www.plc.qld.edu.au,0740399000,jeime@plc.qld.edu.au
01294F,Canberra Girls' Grammar School,http://www.cggs.act.edu.au,0262026404,principal@cggs.act.edu.au
01312J,Edith Cowan College Pty Ltd,http://www.edithcowancollege.edu.au,0862791179,amanda.peterson@edithcowancollege.edu.au
01317D,The Corporation of the Synod of the Diocese of Brisbane,http://www.stlukes.qld.edu.au,0741327512,matthew-hughes@stlukes.qld.edu.au
01328A,ACAP University College,http://www.acap.edu.au,0400181305,joseph.anthonysz@navitas.com
01329M,The Corporation of the Synod of the Diocese of Brisbane,http://www.wmac.com.au,0738134536,apeach@wmac.com.au
01331F,Young Rabbit Pty Ltd,http://www.apc.edu.au,0414700777,dyoo@apc.edu.au
01376D,Alphington Grammar School,http://www.alphington.vic.edu.au,0394974777,vn@ags.vic.edu.au
01378B,Education Institution Search,northpine.adventistconnect.org,,
01406C,FSAC Ltd,http://www.stjohnsanglicancollege.com.au,0733720165,MMcIvor@sjac.qld.edu.au
01434K,Caloundra Christian College Limited,http://www.calcc.qld.edu.au,0754366777,principal@calcc.qld.edu.au
01457C,Lutheran Church of Australia - Queensland District,http://www.immanuel.qld.edu.au,0754773444,beveridgee@immanuel.qld.edu.au
01461G,Nambour Christian College Ltd,http://www.ncc.qld.edu.au,0754513333,geoff.v@ncc.qld.edu.au
01488G,St Andrew's Grammar Inc.,http://www.sag.wa.edu.au,93033840,smacdonald@sag.wa.edu.au
01497F,Focal Holdings Pty Ltd,http://www.tibc.nsw.edu.au,0297916555,liza@tibc.nsw.edu.au
01502C,Kardinia International College (Geelong) Ltd,http://www.kardinia.vic.edu.au,61352789999,c.lockhart@kardinia.vic.edu.au
01529C,The Lake Joondalup Baptist College Inc,http://www.ljbc.wa.edu.au,0893007444,Paul.Sonneman-Smith@ljbc.wa.edu.au
01535E,The Anglican Church of Australia Collegiate School of Saint Peter,http://www.stpeters.sa.edu.au,0431043779,tbrowning@stpeters.sa.edu.au
01536D,Prescott College Southern,http://www.prescott.sa.edu.au,0883814290,isabellemillien@prescottsouthern.sa.edu.au
01545C,Melbourne Institute of Technology Pty Ltd,http://www.mit.edu.au,0386006700,austin@mit.edu.au
01576G,Sydney Institute of Business and Technology Pty Ltd,http://www.sibt.nsw.edu.au,0432675612,florian.staerk@sibt.nsw.edu.au
01577F,Australian Baptist Education Inc,http://www.qbc.wa.edu.au,08930588088,msmith@qbc.wa.edu.au
01589B,Education Institution Search,www.bedford.edu.au,,
01590J,Melbourne Institute of Business & Technology Pty Ltd,http://www.deakincollege.edu.au,0392445396,hamid.khattak@deakin.edu.au
01592G,The Corporation of the Synod of the Diocese of Brisbane - Fraser Coast Anglican College,http://www.fcac.qld.edu.au,0741245411,jwright@fcac.qld.edu.au
01595D,University of the Sunshine Coast,http://www.usc.edu.au,0754301101,vcoffice@usc.edu.au
01609C,Canterbury College Limited,http://www.canterbury.qld.edu.au,0732990831,d.walker@canterbury.qld.edu.au
01611J,Prescott College,http://www.prescott.sa.edu.au,0882691655,jtalamaivao@prescottcollege.sa.edu.au
01645K,Woodcroft College,http://www.woodcroft.sa.edu.au,0883810408,warren_s@woodcroft.sa.edu.au
01664G,Heights College Ltd,http://www.heights.qld.edu.au,0749231800,Principal@heights.qld.edu.au
01688K,Kennedy Baptist College Association Inc.,http://www.kennedy.wa.edu.au,0893147722,mashby@kennedy.wa.edu.au
01723A,Department of Education,http://www.tafeinternational.wa.edu.au,0892182151,jacqui.johnstone@dtwd.wa.gov.au
01737F,Queensland Institute of Business and Technology Pty Ltd,http://www.griffithcollege.edu.au,0755529572,angie.taras@griffithcollege.edu.au
01748C,Matthew Flinders Anglican College Limited,http://www.mfac.edu.au,0754773205,mcarroll@mfac.edu.au
01751G,Tenison Woods College,http://www.tenison.adl.catholic.edu.au,0887255455,mezid@tenison.catholic.edu.au
01774A,ASHT Pty Ltd,https://alliancecollege.edu.au/,0452178288,eva@alliancecollege.edu.au
01796F,Cambridge Academy of English Pty Ltd,http://www.cambridgeqld.com,0468554007,harry@cambridgeqld.com
01812M,Melbourne Rudolf Steiner Seminar Limited,http://steinerseminar.net.au/,0401850177,t.hungerford@steinerseminar.edu.au
01822J,ACPE Limited,http://www.acpe.edu.au,0418869666,jmontgomery@acpe.edu.au
01850E,Seventh-day Adventist Schools (Western Australia) Limited,http://www.victoriaparkchristianschool.wa.edu.au,0893622626,admin@vpcs.wa.edu.au
01854A,Dentos Pty Ltd,http://www.massageschools.com.au,(07) 5576 6366,rhona@massageschools.com.au
01855M,Kingsway Christian Education Association Inc.,http://www.kingsway.wa.edu.au,08 9302 8777,peter.burton@kcc.wa.edu.au
01859G,Headmasters Academy Pty Ltd,http://www.headmasters.com.au,0399459522,hthirlwell@headmasters.com.au
01884F,Dance Factory Pty Ltd,http://www.dancefactory.com.au,0394299492,dancefac@netspace.net.au
01894D,Christian Resource Ministries Incorporated,https://christway.vic.edu.au/,0385516650,damian.higgins@christway.vic.edu.au
01938G,Saint Stephen's College Ltd,http://www.saintstephenscollege.net.au,0755738600,mkleidon@ssc.qld.edu.au
01958D,Waverley Christian College Inc,,0398718600,ramsay.r@wcc.vic.edu.au
01968B,Thomas Carr College Tarneit,,87342408,Rose.Connolly@thomascarr.vic.edu.au
01984B,Association for Christian Education Inc.,http://www.rehoboth.wa.edu.au,0892749910,nicole.pleysier@rehoboth.wa.edu.au
01985A,Sunraysia Institute of TAFE,http://www.sunitafe.edu.au,0350223607,bmillington@sunitafe.edu.au
02025G,All Souls St Gabriels School Inc,http://www.allsouls.qld.edu.au,0747871433,slee@allsouls.qld.edu.au
02028E,Supreme Business College Pty Ltd,http://www.academies.edu.au,0292245522,g.rodriguez@academies.edu.au
02029D,All Saints' College Inc.,http://www.allsaints.wa.edu.au,93139336,Nick.Jones@allsaints.wa.edu.au
02042G,Colleges of Business and Technology (WA) Pty Ltd,http://www.curtincollege.edu.au,0962661654,Quentin.derrick@curtincollege.edu.au
02044E,Victorian Institute of Technology Pty Ltd,http://www.vit.edu.au,03 9670 7848,info@vit.edu.au
02117D,Speak College Pty Ltd,http://www.lalingua.com,0292810157,carolyn@lalingua.com
02137M,ILSC (Brisbane) Pty Ltd,http://www.ilsc.com.au,0292471744,lucas.chiusoli@ilsc.com.au
02140E,Sydney School of Business and Technology Pty Ltd,http://www.ssbt.edu.au,1800318181,roy@ssbt.edu.au
02160A,Unity College Australia Incorporated,http://www.unity.edu.au,0261610050,jillianpryor@unity.edu.au
02177C,Sheldon College Ltd,http://www.sheldoncollege.com,0732065506,k.mortimer@sheldoncollege.com
02184D,Caroline Chisholm Catholic College,http://www.cccc.vic.edu.au,0392965311,n.rodezno@cccc.vic.edu.au
02189K,Ormiston College Ltd,http://www.ormistoncollege.com.au,0738218922,m.hornby@ormiston.qld.edu.au
02193C,South Australian Institute of Business and Technology Pty Ltd,http://www.saibt.sa.edu.au,0883021596,Matt.Stanton@navitas.com
02205D,YWAM Townsville Assoc. Inc.,http://www.ywamtownsville.org,0747712123,training@ywamships.org
02209M,Our Lady of the Sacred Heart College,http://www.olsh.catholic.edu.au,0882698800,maria.urbano@olsh.catholic.edu.au
02227J,Mercy Diocesan College,,0393199299,principal@mercycoburg.catholic.edu.au
02260G,The Hills Grammar School,http://www.hillsgrammar.nsw.edu.au,0296542111,karen.yager@hillsgrammar.nsw.edu.au
02266B,THE ATHENA SCHOOL LIMITED,http://www.athena.nsw.edu.au,0295570022,businessmanager@athena.nsw.edu.au
02267A,St Paul's Grammar School Penrith Ltd,http://www.stpauls.nsw.edu.au,0247764702,ian.wake@stpauls.nsw.edu.au
02268M,Kincoppal - Rose Bay School,http://www.krb.nsw.edu.au,0293886012,thomase@krb.nsw.edu.au
02269K,The Council of Macarthur Anglican School,http://www.macarthur.nsw.edu.au,0246475333,international@macarthur.nsw.edu.au
02270F,The Council of Abbotsleigh,http://www.abbotsleigh.nsw.edu.au,0294737777,bowdenr@abbotsleigh.nsw.edu.au
02273C,The Association for Christian Education of Blacktown Ltd,http://www.tyndale.edu.au,0288117800,peter.deaudney@tyndale.edu.au
02275A,Wenona School Ltd,http://www.wenona.nsw.edu.au,0294094400,ldouglas@wenona.nsw.edu.au
02276M,The Council of St Andrew's Cathedral School,http://www.sacs.nsw.edu.au,0292869500,jmcgonigle@sacs.nsw.edu.au
02277K,The Presbyterian Church (New South Wales) Property Trust,http://scotsallsaints.nsw.edu.au,0263312766,richard.ford@scotsallsaints.nsw.edu.au
02280D,The Presbyterian Church (New South Wales) Property Trust,http://www.plc.nsw.edu.au,02 9704 5625,pburgis@plc.nsw.edu.au
02284M,Kambala,http://www.kambala.nsw.edu.au,0411729787,principal@kambala.nsw.edu.au
02285K,The Armidale School,http://www.as.edu.au,0267765800,principal@as.edu.au
02287G,The Presbyterian Church (New South Wales) Property Trust,http://www.tsc.nsw.edu.au,0293917600,principal@tsc.nsw.edu.au
02290B,Council of Newington College,http://www.newington.nsw.edu.au,0295689300,mparker@newington.nsw.edu.au
02293K,The McDonald College Limited,http://www.mcdonald.nsw.edu.au,0297520500,kohler@mcdonald.nsw.edu.au
02295G,The Presbyterian Church (New South Wales) Property Trust,http://www.plcarmidale.nsw.edu.au/index.htm,0267701700,principal@plcarmidale.nsw.edu.au
02298E,Cranbrook School,http://www.cranbrook.nsw.edu.au,0293279426,ajohnstone@cranbrook.nsw.edu.au
02300E,The Council of The Illawarra Grammar School,http://www.tigs.nsw.edu.au,0242200200,jgreenhalgh@tigs.nsw.edu.au
02301D,St John's Grammar School Inc,http://www.stjohns.sa.edu.au,0882782233,bmanifold@stjohns.sa.edu.au
02306K,Ravenswood School For Girls,http://www.ravenswood.nsw.edu.au,0294989898,sfloro@ravenswood.nsw.edu.au
02308G,The Council of Trinity Grammar School,http://www.trinity.nsw.edu.au,0295816020,tbowden@trinity.nsw.edu.au
02315J,The William Branwhite Clarke College Council,http://www.wcc.nsw.edu.au,0288822100,head@wcc.nsw.edu.au
02316G,Calrossy Anglican School,http://www.calrossy.nsw.edu.au,0257765107,mark.lewis@calrossy.nsw.edu.au
02318F,Meriden School,http://www.meriden.nsw.edu.au,0297529444,lbrown@meriden.nsw.edu.au
02320A,The Council of Tara Anglican School for Girls,http://www.tara.nsw.edu.au,0296306655,principal@tara.nsw.edu.au
02322K,"The Council of St Catherine's School, Waverley",http://www.stcaths.nsw.edu.au,0283056200,dmagill@stcatherines.nsw.edu.au
02326F,The Council of the King's School,http://www.kings.edu.au,0296838422,headmaster@kings.edu.au
02328D,MLC School,http://www.mlcsyd.nsw.edu.au,0287413101,lmoloney@mlcsyd.nsw.edu.au
02333G,Bishop Druitt College Council Inc,http://www.bdc.nsw.edu.au,0266515644,sdoyle@bdc.nsw.edu.au
02340G,Pacific Group of Christian Schools Limited,http://www.pacifichills.nsw.edu.au,0296510700,eboyce@pacifichills.nsw.edu.au
02342F,Coptic Orthodox Church (NSW) Property Trust,http://www.smcoc.nsw.edu.au,0437759859,deansa@stmarks.nsw.edu.au
02344D,Newcastle Grammar School Ltd,http://www.ngs.nsw.edu.au,0249295811,matt.macoustra@ngs.nsw.edu.au
02375G,University Senior College at Adelaide University Inc,http://www.usc.adelaide.edu.au,0883134988,anita.zocchi@adelaide.edu.au
02379D,German School Johannes Gutenberg,http://www.germanschoolsydney.com,0294851900,michael.cordes@giss.nsw.edu.au
02380M,Le Cordon Bleu Australia Pty Limited,http://www.cordonbleu.edu/australia,0883483000,LCBA-PEO-rcointreau@cordonbleu.edu
02398A,Academies Australasia Institute Pty Limited,http://www.academies.edu.au,0292245500,g.rodriguez@academies.edu.au
02401M,Australian International High School Pty Limited,http://www.academies.nsw.edu.au,0292245500,g.rodriguez@academies.edu.au
02402K,Endeavour College Inc,http://www.endeavour.sa.edu.au,0883683311,richard.baird@endeavour.sa.edu.au
02411J,Box Hill Institute,http://www.boxhill.edu.au,92869267,ceooffice@boxhill.edu.au
02423E,The Corporation of the Synod of the Diocese of Brisbane,http://www.cac.qld.edu.au,0755859901,pinneshill@cac.qld.edu.au
02427A,Education Institution Search,www.ozford.edu.au,,
02439G,Academies Australasia Polytechnic Pty Limited,http://www.aapoly.edu.au/,0410117614,j.kelly@aapoly.edu.au
02447G,The Corporation of the Synod of the Diocese of Brisbane,http://www.saac.qld.edu.au,54715555,kgorrie@saac.qld.edu.au
02448G,Alia College Ltd,http://www.alia.vic.edu.au,0398229622,info@alia.vic.edu.au
02449F,Emmanuel Anglican College Council,http://www.eac.nsw.edu.au,0266815054,rtobias@eac.nsw.edu.au
02468C,Geraldton Grammar School Inc.,http://www.geraldtongrammarschool.wa.edu.au,0458240795,brad.gill@gegs.wa.edu.au
02475D,Victoria University,http://www.vu.edu.au/international,0399195077,John.Germov@vu.edu.au
02483D,Australian Child Care Career Options (ACCCO) Pty Ltd,http://www.accco.com.au,0427814655,executive@accco.com.au
02485B,Blackfriars Priory School,http://www.blackfriars.sa.edu.au,0881693900,principal@bps.sa.edu.au
02491D,Top Education Group Ltd,http://www.imc.edu.au,0292094888,cathy.xu@top.edu.au
02494A,Rabarl Pty Ltd,http://www.acah.edu.au,96548822,alvin@acah.edu.au
02500G,Whitsundays College of English Pty Ltd,http://www.wce.edu.au,0289597998,tom@wce.edu.au
02501G,Ozford English Language Centre Pty Ltd,http://www.ozford.edu.au,0386637188,admin@ozford.edu.au
02506B,Australian National Institute of Business & Technology Pty Ltd,http://www.anibt.vic.edu.au,03 9620 2922,jianming.c@anibt.vic.edu.au
02527G,The Moerlina School Inc.,http://www.moerlina.wa.edu.au,0893845894,principal_ms@moerlina.wa.edu.au
02529F,Union Institute of Language - Springfield Campus Pty Ltd,,0734700011,principal@uil.edu.au
02537F,Presbyterian and Methodist Schools Association,http://www.scgs.qld.edu.au,0754454444,msowden@scgs.qld.edu.au
02543G,Kingston International College Pty Ltd,http://www.kingstoncollege.wa.edu.au,61892288288,tandin.dorji@kingstoncollege.wa.edu.au
02571D,Group Colleges Australia Pty Ltd,"http://www.ubss.edu.au, www.gca.edu.au",0410320220,alan.bowen-james@ubss.edu.au
02598D,Our Lady of the Sacred Heart Catholic College,http://www.olshalice.catholic.edu.au,0889506400,principal.olshalice@nt.catholic.edu.au
02615G,Brisbane College of Australia Pty Ltd,,0732210005,joseph@bc.edu.au
02622J,Seventh-day Adventist Schools (Greater Sydney) Ltd,http://www.greatersydney.adventist.edu.au,0288765259,rhonda.belson@gs.adventist.edu.au
02634E,Australian Academy of Vocational Education and Trades Pty Ltd,http://www.academia21.com,0396714755,melk@academia21.com
02639M,Holmes Institute Pty Ltd,http://www.holmesinstitute.edu.au,0396622055,s.nagle@holmes.edu.au
02644C,Education Centre of Australia Pty Ltd,http://www.ecacollege.edu.au,0282653227,sharon.oh@eca.edu.au
02645B,A.I.W.T. Pty. Ltd.,http://www.aiwt.edu.au,0892499688,yvonne@aiwt.edu.au
02647M,Australian Performing Arts Grammar School Limited,http://www.apgs.nsw.edu.au,0410494900,e.chunglee@apgs.nsw.edu.au
02658G,Logic Entity Australia Pty Ltd,http://www.abbeycollege.edu.au,0290558558,ivory@abbeycollege.edu.au
02663M,Browns English Language School Pty Ltd,http://www.brownsenglish.edu.au,0732217871,justin@browns.edu.au
02664K,Excelsia University College,http://excelsia.edu.au/,61298198888,peter.mckeon@excelsia.edu.au
02668F,Pacific College Pty Ltd,http://www.pct.edu.au,02 9649 7767,pradip.dhakal@pct.edu.au
02672K,Greenwich College Pty Ltd,http://www.greenwichcollege.com.au,0272263773,mark.kehoe@nexted.com.au
02674G,Australian Association for International Education Inc,http://www.iswa.wa.edu.au,0892851144,principal@iswa.wa.edu.au
02684F,George Education Group Pty Ltd,http://www.wincollege.edu.au,0282529999,cindy@win.edu.au
02695C,Imagine Education Australia Pty Ltd as trustee for The Imagine Education Australia Unit Trust,http://www.imagineeducation.com.au,0755520900,badler@imagineeducation.com.au
02708C,Seventh-Day Adventist Schools (South Queensland) Limited,http://www.goldcoastchristiancollege.qld.edu.au,0732187777,scotthopkins@adventist.org.au
02709B,Trinity College Senior School,http://www.trinity.sa.edu.au,0449034890,chris.soar@trinity.sa.edu.au
02723D,UOWC Ltd,http://www.uowcollege.edu.au,0442214436,felixl@uow.edu.au
02724C,Australian International Islamic College Board Inc,http://www.aiic.qld.edu.au,0733721400,ahmed.azhari@aiic.qld.edu.au
02727M,Holmes Institute Pty Ltd,http://www.holmesinstitute.edu.au,0396622055,s.nagle@holmes.edu.au
02731D,Avondale University,http://www.avondale.edu.au,0249802101,malcolm.coulson@avondale.edu.au
02743M,LYCEE CONDORCET THE INTERNATIONAL FRENCH SCHOOL OF SYDNEY LTD,http://www.condorcet.com.au,0293448692,principal@condorcet.com.au
02746G,Australia Moreton Education Group Pty Ltd,,07 3002 0888,ceo@qat.qld.edu.au
02751M,Education Institution Search,www.upc.edu.au,,
02759C,Kooralbyn Campus Inc,http://www.tkis.qld.edu.au,0755445500,macpherson_1@tkis.qld.edu.au
02763G,Queensland International Study Group Pty Ltd,http://www.qii.qld.edu.au,0413531531,julie@qii.qld.edu.au
02767C,Holmes Institute Pty Ltd,http://www.holmesinstitute.edu.au,0396622055,s.nagle@holmes.edu.au
02790D,Hays International College Pty Ltd,http://www.hic.vic.edu.au,0448883903,benjamin.cheng@hic.vic.edu.au
02799F,St George College Inc,http://www.sgc.sa.edu.au,0881598100,gcassarchis@sgc.sa.edu.au
02800G,Warwick Institute of Australia Pty Ltd,http://www.warwick.edu.au,0292118838,peo@warwick.edu.au
02804C,EQUALS International (Aust) Pty Ltd,http://www.equals.edu.au,0881120100,mchittleborough@equals.edu.au
02815M,Menzies Institute of Technology Pty Ltd,http://www.menzies.vic.edu.au,1300244002,sam@menzies.vic.edu.au
02851G,Western Sydney University Enterprises Pty Limited,http://www.westernsydney.edu.au/thecollege,0414502619,glenn.campbell@westernsydney.edu.au
02856B,Nova International Education Pty Ltd,http://www.novainstitute.net.au,0396073508,vaneer.randhawa@novainstitute.net.au
02868J,Australian Institute of Technical Training Pty Ltd,http://www.aitt.vic.edu.au,0396201100,s.sidhu@aitt.vic.edu.au
02870D,Crown Institute of Business and Technology Pty Ltd,https://www.cibt.edu.au,0431262400,jackie@cibt.edu.au
02880B,The Quality Training and Hospitality College Pty Ltd,https://www.qca.edu.au/,1300511888,kirsty@qca.edu.au
02885G,Australian Language Schools Pty Ltd,http://www.ihbrisbane.com.au; www.alscertificates.com,0732293389,neil@ihbrisbane.com.au
02886G,Melbourne College of Hairdressing Beauty Therapy & Natural Medicine Pty Ltd,http://www.mcohb.com.au,0432663083,ceo@mcohb.edu.au
02892J,Education Institution Search,http://www.ithea.vic.edu.au,,
02899B,Kingston Training and Employment Pty Ltd,http://www.dnakingstontraining.edu.au,0894794870,sonam@dnakingstontraining.edu.au
02915G,Durban International College Pty Ltd,https://dic.edu.au/,1300409926,info@dic.edu.au
02925E,Education Training & Employment Australia Pty. Ltd.,http://www.etea.edu.au,0394500500,alanh@etea.edu.au
02933E,Education Institution Search,www.alacchealth.edu.au,,
02934D,Southern Cross Education Institute Pty Ltd,http://www.scei.com.au,0382906377,cyrus.nickson@scei.edu.au
02938M,Canterbury Technical Institute Pty Ltd,http://www.cti.qld.edu.au,0731234055,rahul@cti.qld.edu.au
02943C,Covenant College Tuggeranong ACT Association Incorporated,http://www.covenant.act.edu.au,0262942455,Principal@covenant.act.edu.au
02945A,NEGS LIMITED,http://www.negs.nsw.edu.au,0267748700,liz.van-genderen@negs.nsw.edu.au
02954M,Coolum Beach Christian College Ltd,http://www.cbcc.qld.edu.au,0754464780,kmcallister@cbcc.qld.edu.au
02961A,Iascend Polytechnic Pty Ltd,http://www.mcfe.com.au,1300368883,amy@mcfe.com.au
02975F,Astute Training Pty Ltd,http://www.astutetraining.com.au,0247325088,di@astutetraining.edu.au
02992E,Queens Group Pty Ltd,http://www.rhodescollege.vic.edu.au/,0383950151,ck@rhodescollege.vic.edu.au
02996A,Star Gazers Education Pty Ltd,http://www.danford.edu.au,0396421667,vikas@danford.edu.au
03010G,Malekhu Investments Pty Ltd,http://www.queensford.edu.au,0732211626,b.bhandari@queensford.edu.au
03015B,New Cambridge College Sydney Inc,http://www.nccs.nsw.edu.au,0292126650,compliance@nccs.nsw.edu.au
03016A,School of Hairdressing Pty Ltd,http://www.taylorweir.com.au,0861030480,liz@taylorweir.com.au
03020E,TAFE Queensland,http://www.tafeqld.edu.au,1300308233,TQIE.ExecutiveSupport@tafeqld.edu.au
03024A,"Melbourne City Institute of Education Pty Ltd, as trustee for MCIE Unit Trust",http://www.mcie.edu.au,0419508541,gary.coonar@mcie.com.au
03029G,Education Institution Search,www.accollege.edu.au,,
03033M,The Corporation of the Roman Catholic Diocese of Toowoomba,http://www.st-ursula.qld.edu.au,0746327611,deidre.young@twb.catholic.edu.au
03039E,Imperial Education Group Pty Ltd,http://www.ironwood.edu.au,0882270300,ceo@ict.edu.au
03041M,TasTAFE,http://www.tastafe.tas.edu.au/international,0361531199,ceo@tafe.tas.edu.au
03047E,Stanley International College Pty Ltd,http://www.stanleycollege.edu.au,0863719999,alberto@stanleycollege.edu.au
03048D,Asia Pacific International College Pty Ltd,http://www.apicollege.edu.au,0410941964,peo@apicollege.edu.au
03053G,Australian Ideal College Pty Ltd,http://www.aic.edu.au,0292622968,admin@aic.edu.au
03057C,International College of Capoeira Pty Ltd,http://www.csf.edu.au,0292245536,j.iacono@academies.edu.au
03071E,Australian Learning Group Pty Ltd,https://alg.edu.au/,1300254000,adam.davis@eduholdings.com.au
03093K,Spencer College Pty Ltd,http://www.spencercollege.edu.au,0732173313,gurnam@spencercollege.edu.au
03105M,King's Institute of Management and Technology Pty Ltd,,0733922920,deepinder@kimt.edu.au
03122K,St George & Sutherland Community College Incorporated,http://www.sgscc.edu.au/international,0285437403,bmills@sgscc.edu.au
03133G,Adelaide Institute of Business and Technology Pty Ltd,,0468612547,maryseth.olabre@aeg.edu.au
03147A,Australian Institute of Higher Education Pty Ltd,http://www.aih.edu.au,61290208050,b.james@aih.edu.au
03149K,International Institute of Management Pty Ltd,"http://www.americancollege.com.au, www.americancollege.edu.au",0733917599,bernard@americancollege.edu.au
03156M,Apex Institute of Education Pty Ltd,http://www.apexaustralia.edu.au,0280076262,sodhi@apexaustralia.edu.au
03164M,Australian College of Technology and Business Pty Ltd,http://www.actb.com.au,0478255463,milav@actb.com.au
03171A,Australian Institute of Business and Management Pty Ltd,http://www.koi.edu.au,02 9283 3583,doug@koi.edu.au
03173K,ALIF Australia Pty Ltd,http://www.australisinstitute.nsw.edu.au,0296331222,alim@australisinstitute.nsw.edu.au
03182J,Beaconhills Christian College Ltd,http://www.beaconhills.vic.edu.au,0359453098,Stephen.mcginley@beaconhills.vic.edu.au
03188C,West Australian Institute of Further Studies Pty Ltd,http://www.waifs.wa.edu.au,0862006200,Sean.tuhakaraina@waifs.wa.edu.au
03208D,Captain Cook Institute Pty Ltd,http://www.georgebrown.nsw.edu.au,0292794949,director@georgebrown.nsw.edu.au
03217C,Central Australian Institute of Technology Pty Ltd,https://cac.edu.au/,03 9687 4275,info@cac.vic.edu.au
03220G,EIM International Training Pty Ltd,http://www.eiminternational.edu.au,0755757575,director@eim.edu.au
03222F,Australian Health and Science Institute Pty Ltd,http://www.ahsi.edu.au,0288066777,Jyoti.chaudhary@ahsi.edu.au
03226B,BNB International Colleges Pty Ltd,http://www.bch.edu.au,0411 965 993,brisbanecollegeofhorticulture@gmail.com
03233C,Nan Tien Institute Limited,http://www.nantien.edu.au,0487944223,president@nantien.edu.au
03246J,Christian Community Ministries Ltd,http://www.groves.qld.edu.au,33805800,susan.hindle@groves.qld.edu.au
03251A,Cairns College of English Pty Ltd,http://www.cceb.qld.edu.au,07 4041 2322,manager@cce.qld.edu.au
03255G,Australian Professional Skills Institute Pty Ltd,http://www.apsi.wa.edu.au,0863654386,liza.gomes@apsi.wa.edu.au
03256G,Nortwest Pty Ltd,http://www.nortwest.edu.au,61478746000,nortwest@nortwest.edu.au
03268C,Gold Coast Learning Centre Pty Ltd,http://www.goldcoaststudy.com,(07) 5531 6788,scott@goldcoaststudy.com
03275D,Equanimity Consultants Pty Ltd,http://www.eei.wa.edu.au,0450891216,Cooper.zhao@eei.wa.edu.au
03282E,MVJ Enterprises Pty Ltd,http://www.yescollege.com.au,0415418396,sekhonraman@yahoo.com
03285B,The Greek Orthodox Parish & Community of Belmore & District All Saints Ltd,http://www.allsaints.nsw.edu.au,0297046400,lillis@allsaints.nsw.edu.au
03288K,Pymble Ladies' College,http://www.pymblelc.nsw.edu.au,0298557799,principal@pymblelc.nsw.edu.au
03290E,Stella Maris College,http://www.stellamaris.nsw.edu.au,0299775144,sharyn_quirk@stellamaris.nsw.edu.au
03298G,Genazzano FCJ College Limited,http://www.genazzano.vic.edu.au,88621015,principal@genazzano.vic.edu.au
03300G,St Augustine's College Sydney,http://www.saintaug.nsw.edu.au,0299388200,byrne.j@saintaug.nsw.edu.au
03312D,Navitas Bundoora Pty Ltd,http://www.latrobemelbourne.edu.au,0410968537,Struan.Robertson@latrobemelbourne.edu.au
03317K,St Patrick's College Townsville Limited,http://www.stpatscollege.qld.edu.au,0747530300,klittle@stpatscollege.qld.edu.au
03322B,Academique Pty Ltd,http://www.academique.qld.edu.au,0755263222,info@academique.qld.edu.au
03326J,Rudolf Steiner Education Group Brisbane Inc,http://www.samfordsteiner.qld.edu.au,0734309600,csheard@samfordsteiner.qld.edu.au
03328G,Skilled Services Australia Pty Ltd,https://www.skillsaustralia.edu.au/,1300078839,sia@skills.qld.edu.au
03330B,Macquarie Grammar School Limited,http://www.macquariegrammarschool.edu.au,82688666,elee@apagroup.biz
03332M,Diocese of Lismore Catholic Schools Limited,http://www.lism.catholic.edu.au,66220422,director@lism.catholic.edu.au
03336G,Sydney Catholic Schools Ltd as Trustee for the Sydney Catholic Schools Trust,http://sydcatholicschools.nsw.edu.au,0295696111,Executive.Director@scs.catholic.edu.au
03337F,St Scholastica's College,http://www.scholastica.nsw.edu.au,0296602622,laetitia.richmond@scholastica.nsw.edu.au
03338E,Rosebank College,http://www.rosebank.nsw.edu.au,0438964694,principal@rosebank.nsw.edu.au
03339D,Trustees of the Roman Catholic Church for the Diocese of Maitland-Newcastle,http://mn.catholic.edu.au,0249791208,luke.job@mn.catholic.edu.au
03352G,"Department for Education, Children and Young People",https://study.tas.gov.au,0361655727,warwick.clark@decyp.tas.gov.au
03364C,Education Institution Search,www.galstaun.nsw.edu.au,,
03370E,Baris Education and Culture Foundation Limited,http://fountain.wa.edu.au/,0894583555,principal@fountain.wa.edu.au
03373B,Job Training Institute Pty Ltd,http://www.jti.edu.au,0390555007,lovleen@jti.edu.au
03374A,Everest Institute of Education Pty Ltd,http://www.everest.edu.au,0383936550,jai@everest.edu.au
03375M,AUSTRALIAN COLLEGE OF CHRISTIAN STUDIES LTD,http://www.ccs.edu.au,0280008705,xavier.lakshmanan@ccs.edu.au
03377J,Signet Institute of Australia,http://www.acfe.edu.au,0449776091,navdeepkr@kfi.edu.au
03386G,Health Careers International Pty Ltd,https://www.hcigroup.com.au/,0394505102,arshad@healthcareers.edu.au
03389E,Torrens University Australia Limited,http://www.torrens.edu.au,0419356435,Aleks.subic@torrens.edu.au
03391M,Sheridan College Inc,http://www.sheridan.edu.au,61862224222,dsmith@sheridan.edu.au
03392K,Australian College of the Arts Pty Ltd,http://www.collarts.edu.au,1300818777,sjacob@collarts.edu.au
03395G,Berkeley Business Institute Pty Ltd,http://www.berkeley.edu.au,0402344079,peo@berkeley.edu.au
03396F,CHC Services Pty Ltd,http://www.tacis.edu.au,1300891598,marshall.wei@tacis.edu.au
03398D,Pal Buddhist School Limited,http://www.pal.nsw.edu.au,97557778,helen@pal.nsw.edu.au
03400D,Australian Academy of Nursing Pty Ltd,http://www.acos.edu.au,1300415233,info@acos.edu.au
03401C,Max Therapy School Pty Ltd,http://www.mti.vic.edu.au,61396400339,weifang@mti.vic.edu.au
03402B,Australian Association of Education and Research Pty Ltd,http://www.ailfe.wa.edu.au,0426842801,shantha.velaitham@ailfe.wa.edu.au
03404M,Amity College Australia Limited,http://www.amity.nsw.edu.au,0287843111,raydogan@amity.nsw.edu.au
03406J,Lawson College Australia Pty Ltd,http://www.lawsoncollege.edu.au,0397912211,v.sharma@lawsoncollege.edu.au
03407G,Institute of Health & Management Pty Ltd,http://www.ihm.edu.au,0394554411,bijo@ihm.edu.au
03411A,Iona Columba College Pty Ltd,http://www.iona.edu.au,0297363986,revsangtaeklee@hotmail.com
03413K,GLOBAL TRAINING INNOVATIONS PTY. LTD.,http://www.oct.edu.au,0403139050,alex.dunn@oct.edu.au
03415G,TTY Collective Pty Ltd,,0731774535,admin@proteacollege.com.au
03417F,Charter Australia Pty Ltd,http://www.charter.edu.au,0299555881,ming.chen@charter.edu.au
03418E,Purna Yoga Ltd,http://www.byronyoga.com,0266858327,john@byronyoga.com
03423G,The Greek Orthodox Community of Oakleigh and District Inc,http://www.oakleighgrammar.vic.edu.au,0395696128,principal@oakleighgrammar.vic.edu.au
03426E,Australian College of Business Intelligence Pty Ltd,http://www.acbi.edu.au,0452510183,fabio.mejia@aibi.edu.au
03427D,Sydney Metro College Pty Ltd,http://www.sydneymetrocollege.edu.au,0289370991,ram@sydneymetrocollege.edu.au
03430J,Brighton Pacific Pty Ltd,http://aibt.qld.edu.au/,1300128199,info@aibtglobal.edu.au
03432G,Entrepreneur Education Pty Ltd,http://www.entrepreneur.edu.au,0755520900,badler@imagineeducation.com.au
03435D,Gateway College of Technology Pty Ltd,http://www.paragon.edu.au,0370680005,ceo@paragon.edu.au
03437B,Perth Technical College Pty Ltd,https://atc.wa.edu.au/,0422243486,g.sangha@atc.wa.edu.au
03442E,Australian Hospitality Skills Recognition Pty Ltd,http://www.asmitraining.edu.au,1300400269,rob@asmitraining.edu.au
03443D,Global Business College Of Australia Pty Ltd,,0390413050,anh.tran@gbca.edu.au
03447M,Bankstown Community College Inc.,http://www.bcci.edu.au,0405316647,monique@bcci.edu.au
03449J,Australian Harvard International College Pty Ltd,http://www.ahic.edu.au,0292680085,matrika@ahic.edu.au
03450E,Global Education Consultant Pty Ltd,http://www.daltoncollege.com.au,0410023288,global.econsultant@gmail.com
03457J,Times Academy Pty Ltd,,0283166688,peo@times.edu.au
03461B,Australia Christian College Pty Ltd,http://accu.edu.au,0296221047,ceo@accu.edu.au
03465J,The Canberra Training School Pty. Ltd.,http://cbtc.edu.au/,0430790433,r.bhutani@thecanberratrainingschool.com.au
03468F,Macallan College Pty Ltd,https://macallan.edu.au/,0497701035,deb.p@macallan.edu.au
03469E,Australian Institute of Advanced Studies Pty Ltd,http://www.aias.edu.au,0733438073,noel@aus-ias.edu.au
03472K,Education Institution Search,,,
03473J,Aventia Institute Pty Ltd,http://www.aventia.edu.au,0731133213,amarpreet@aventia.edu.au
03474G,HCR Constructions Pty Ltd,https://sits.edu.au/,1300467487,rajat@sits.edu.au
03480K,Australasian International Academy Pty Ltd,,1300242669,ceo@aiacademy.edu.au
03486D,AUSTRALIAN ACADEMY OF TRADES PTY LTD,,0413531531,jlsoh@yahoo.com
03500M,Adore Education Pty Ltd,http://www.vibecollege.edu.au,0730886644,pam@vibecollege.edu.au
03505F,GRIFFIN COLLEGE OF MANAGEMENT & TECHNOLOGY PTY. LTD.,http://www.griffin.edu.au,0731065394,ceo@griffin.edu.au
03507D,Australian Global College Pty Ltd,http://www.agc.edu.au,1300929222,adam@agc.edu.au
03509B,NEW ERA INSTITUTE PTY LTD,http://www.newerainstitute.edu.au,0405843684,info@newerainstitute.com.au
03512G,The Centre of Excellence Pty Ltd,http://www.coe.vic.edu.au,0352221818,anirban@coe.vic.edu.au
03515D,KKTC EDUCATION PTY LTD,https://www.koolkidstrainingcollege.com.au,1300048133,sam@kktc.com.au
03519M,Linx Institute College Pty Ltd,http://www.linx.edu.au,0287763933,neil@linx.edu.au
03520G,Frontier Leadership Pty Ltd,http://frontiereducation.edu.au,0721157877,ceo@frontiereducation.edu.au
03521F,Transformations - Pathways to Competence and Developing Excellence Pty Ltd,http://skillstraining.edu.au,1300656669,joanna.kelly@academies.edu.au
03523D,Student Development and Learning (SDL) Academy Pty Ltd,http://www.scsb.nsw.edu.au,0296333287,principal@scsb.nsw.edu.au
03529J,Mechanical Institute of Training and Technology Pty Ltd,http://www.mitt.vic.edu.au,0400871571,MarleneM@heidelbergcg.com.au
03530E,The Cairnmillar Institute,http://www.cairnmillar.edu.au/,0398133400,dean@cairnmillar.edu.au
03535M,Polytechnic Institute Australia Pty Ltd,http://www.pia.edu.au/,04320366340,alessia@pia.edu.au
03537J,Australian Capital Group Pty Ltd,http://www.capital.edu.au,0426967112,JAYA.RK@CAPITAL.EDU.AU
03540C,Clinton Education Pty Ltd,,0383942064,ceo@clinton.edu.au
03542A,QIHE PTY LTD,http://www.mastery.edu.au,0416886838,principal@mastery.edu.au
03546G,Elite Education Group PTY. LTD.,https://vocational.ee.edu.au/,0292114958,chunj2006@gmail.com
03547G,The Anglican Schools Commission Incorporated,http://www.ascinternational.wa.edu.au,0892860219,plaurence@asc.wa.edu.au
03548F,Excellent Accounts Pty Ltd,http://www.skillsaustralia.edu.au/,0430470848,vishal.chaudhary@skillsaustralia.edu.au
03553J,ANIT Australia Pty Ltd,http://www.albrightinstitute.edu.au/,1300189154,abu.huraira@albrightinstitute.edu.au
03556F,Crown Education Pty Ltd,http://www.trinityinstitute.edu.au,1300980497,anne@trinityinstitute.edu.au
03558D,Anglican Schools Corporation,http://www.rosevillecollege.com,0298841100,principal@roseville.nsw.edu.au
03560K,Education Institution Search,https://www.windsorcollege.edu.au/,,
03564F,GLOBAL COLLEGE AUSTRALASIA PTY. LTD.,https://www.globalcollege.edu.au,1300886340,Bindu@globalcollege.edu.au
03567C,Engineering Institute of Technology Pty Ltd,http://www.eit.edu.au,0893211702,ceo.s.mackay@eit.edu.au
03569A,Australis College Pty Ltd,https://aite.edu.au/,0272558206,admin@nomicollege.com.au
03575C,Care Plus Training Pty Ltd,http://www.nursetrainingaustralia.com.au,0407332238,raj@nta.edu.au
03576B,Learning Lab Pty Ltd,,0423227877,tp@kca.edu.au
03581E,Proteus Technologies Pty Ltd,http://www.ikon.edu.au,1300000933,adam.davis@eduholdings.com.au
03590D,AUSTRALIA ACADEMY INTERNATIONAL PTY LTD,http://www.niet.edu.au,0477808878,janene.barrett@niet.edu.au
03592B,Melbourne City College Pty Ltd,http://www.melbournecitycollege.edu.au,0396148422,bell@melbournecitycollege.edu.au
03595K,AUSTRALIAN HEALTH AND MANAGEMENT INSTITUTE PTY LTD,http://www.ahmi.edu.au,0296873323,opmgr@ahmi.edu.au
03597G,LANEWAY EDUCATION PTY LTD,http://www.laneway.edu.au,61290193377,administration@laneway.edu.au
03605B,Australian Frontline Training College Pty Ltd,http://www.ceetacollege.qld.edu.au,0731912432,adam.f@ceetacollege.qld.edu.au
03610E,Australia Institute of Business & Technology - International Pty Ltd,,0286096676,info@aibti.edu.au
03611D,Zoi Education Pty Ltd,http://www.zoi.vic.edu.au,0403452505,eileen@zoi.vic.edu.au
03614A,RANSFORD COLLEGE PTY LTD,,0280579358,apra@ransford.edu.au
03617J,Level Up Education & Training Academy Pty Ltd,,0390160595,gurbir.gill@levelupacademy.vic.edu.au
03620C,Sydney City College of Management Pty Ltd,http://www.sccm.edu.au,0288720435,peo@sccm.edu.au
03622A,AISL PTY LTD,http://www.rosehillcollege.edu.au,0292111288,admin@rosehillcollege.edu.au
03623M,Strategix Training Group Pty Ltd,http://www.strategix.com.au,0732079950,jeremy@strategix.edu.au
03627G,Education Institution Search,,,
03635G,Brighton College Pty Ltd,http://www.brighton.edu.au,0450334988,ceo@brighton.edu.au
03636F,Lead College Pty Ltd,http://www.leadcollege.edu.au,0411045136,davidg@leadcollege.edu.au
03638D,INT Nurse Training Pty Ltd,,18000468468,sarita@intnursetraining.com.au
03639C,MG Australia Group Pty Ltd,https://sic.edu.au/,0403496761,mahendra.oli@sic.edu.au
03640K,Manigram Pty Ltd,,0732211626,r.pathak@axisinstitute.com.au
03642G,DOLPH LEARNING PTY LTD,https://uscohospitality.edu.au/,0402145323,CEO@dolph.edu.au
03644F,Key 2 Learning Pty Ltd,,0420843917,Alleyne.forjanic@key2learning.edu.au
03647C,EDUCATION AND INNOVATION GROUP AUSTRALIA PTY LTD,,0403227429,muhammad.khan@aei.edu.au
03648B,KNIT GROUP AUSTRALIA PTY LTD,,0425361641,ceo@ssc.edu.au
03651G,Akram Kahla Pty Ltd,,0287225090,admin@atqcollege.edu.au
03657A,F & Z EDUCATION PTY LTD,http://www.kingstonacademy.edu.au,0401396515,fei.lu@kingstonacademy.edu.au
03658M,FSAC Ltd,http://www.tsac.qld.edu.au,0738148100,smorris@tsac.qld.edu.au
03663C,Western Sydney University International College Pty Ltd,,0296859871,Amir.Mahmood@westernsydney.edu.au
03665A,Australian Professional Education Group Pty Ltd,,0292810600,ceo@metroinstitute.edu.au
03669G,Educare Training Institute of Australasia Pty Ltd,http://www.educare.edu.au,0420835520,jason@educare.edu.au
03670D,Harbourside Institute of Australia Pty Ltd,http://www.harbourside.nsw.edu.au,0292816898,Julia.hu@harbourside.nsw.edu.au
03675K,Alana Kaye Group Pty Ltd,,0889426100,alana@alanakaye.edu.au
03677G,Sea English Academy International Pty Ltd,,0461543335,uday@aist.edu.au
03682M,Skills International Pty Ltd,,0297476000,chander@cnrservices.com.au
03683K,International College of Tasmania Pty Ltd,https://tascollege.edu.au/,0362955296,ceo@tascollege.edu.au
03687F,Australian College of Community and Health Services Pty Ltd,http://www.acchs.edu.au,0420450488,austin@acchs.edu.au
03689D,Downtown Australia Pty Ltd,,0274888700,info@kingsfordinternational.com.au
03690M,International College of Australia Pty Ltd,https://overseasstudentsaustralia.com/apps/institutions/institution/international-college-of-australia-pty-ltd/,0286287973,ceo@wsc.nsw.edu.au
03693G,Villanova College,,0733945503,pbegg@vnc.qld.edu.au
03700C,Mint Training Pty Ltd,http://www.minttraining.edu.au,0431379752,mint.academic@minttraining.edu.au
03705J,The Institute of International Studies (TIIS) Pty Ltd,http://www.tiis.edu.au,0419270566,anand.karuppiah@tiis.edu.au
03714G,AUSTRALIAN INSTITUTE OF BUSINESS AND TECHNOLOGY PTY. LTD.,http://www.sis.edu.au,0413452071,karanpartapdhillon90@gmail.com
03715G,Australian Islamic College of Sydney,,0299336900,principal@aics.nsw.edu.au
03716F,Lutheran Church of Australia Queensland District,,0733408802,dschumacher@redeemer.com.au
03717E,Richmond School of Business Pty Ltd,http://www.rsb.edu.au,0288441000,zaman@rsb.edu.au
03719C,St Stephen's School,http://www.ststephens.wa.edu.au,0892432196,donella.beare@ststephens.wa.edu.au
03722G,Smart Connection Company Pty Ltd,,0430458955,ceo@acab.edu.au
03723G,Ruby Institute Pty LTD,http://www.ruby.vic.edu.au,0421568005,cathy.l@ruby.vic.edu.au
03724F,Mondairs PTY LTD,https://australianpolytechnic.edu.au/,1300595954,info@australianpolytechnic.edu.au
03726D,Presbyterian Church of Queensland,http://www.fairholme.qld.edu.au,46884624,leigh.hobart@fairholme.qld.edu.au
03727C,The Lions Institute Pty Ltd,,0292497800,roy@ssbt.nsw.edu.au
03732F,Leaders Institute Pty Ltd,http://www.leaders.edu.au,0731615566,director@leaders.edu.au
03733E,YourLife Health and Learning Inc,http://www.schoolofhealth.edu.au,0422372366,Katie.lucas@opencolleges.edu.au
03736B,Sydney Centre for Finance Studies Pty Ltd,,0450592321,adhikaripathaksamiksha@gmail.com
03737A,Melbourne Centre for Technology Studies Pty Ltd,http://www.nsmt.vic.edu.au,0424129923,neha@nsmt.vic.edu.au
03739K,Southern Cross Education Institute (Higher Education) Pty Ltd,http://www.scei-he.edu.au,0396024110,silvija.dobson@scei-he.edu.au
03741E,Tred Consultants Pty Ltd,http://www.tredcollege.edu.au,0298707688,amit@tredcollege.edu.au
03744B,Crown Institute of Higher Education Pty Ltd,,0299550488,narayan.tiwari@cihe.edu.au
03745A,Edmund Rice Education Australia Colleges Ltd,https://www.stbrendans.qld.edu.au/,0749394904,corboyr@sbc.qld.edu.au
03747K,Australian National Academy of Education Pty Ltd,,0413351641,kishor@ridge.edu.au
03751C,Australian International Education Centre Pty Ltd,https://atinstitute.edu.au/,0291638977,tony@atinstitute.edu.au
03753A,Aspen Education Group Pty Ltd,https://www.aspencollege.edu.au/,0470239251,govinder@aspencollege.edu.au
03763K,Adelaide Institute of Higher Education Pty Ltd,http://www.aihe.sa.edu.au,0884700156,Fatima.reyes@aihe.sa.edu.au
03764J,Lambda Education Pty Ltd,,0411745057,admin@ismt.edu.au
03770M,TKL College Pty Ltd,http://www.tkl.edu.au,0286773602,rajuk@tkl.edu.au
03771K,Moreton Bay College,http://www.mbc.qld.edu.au,0732499325,lennonr@mbc.qld.edu.au
03772J,Moreton Bay Boys' College Limited,http://www.mbbc.qld.edu.au,0739069444,holmesa@mbbc.qld.edu.au
03775F,Australian Institute of Electro Technology Pty Ltd,http://ausinet.edu.au,0862442575,kevin@ausinet.com.au
03776E,Eastlink Consulting Pty Ltd,,0396708868,eric.zhang@ail.edu.au
03778C,Victorian Institute of Education Pty ltd,http://www.vie.edu.au,0413910475,bal@vie.edu.au
03779B,United Colleges of Australia Pty Ltd as the trustee for UCA Unit Trust,,0292674945,louie@unitedcolleges.edu.au
03781G,Australian College of International Studies Pty Ltd,http://www.acis.edu.au,0432544511,jay@acis.edu.au
03782G,A.M.A. Services (W.A.) Pty Ltd,,0439589088,mail@amawa.com.au
03783F,Active Transition Training Pty Ltd,https://mmc.edu.au/,1300271796,sonia@mmc.edu.au
03790G,Blue Lotus Academy Pty Ltd,,0393492513,rajesh@bluelotus.edu.au
03791F,Health Institute Australasia Pty Ltd,http://www.healthinstitute.edu.au,0755322001,shanti@shantiyoga.com.au
03792E,Sydney Metropolitan International College Pty Ltd,,0414479155,peo@smic.edu.au
03797M,Stirling Institute of Australia Pty Ltd,,0390207331,david.youssf@sia.edu.au
03800K,Australian College of Management and Innovation Pty Ltd,https://acmi.wa.edu.au/,0425611786,junaidbook@gmail.com
03801J,The Anglican Schools Commission Incorporated,,0892860290,plaurence@asc.wa.edu.au
03803G,Lindisfarne Anglican School,,0755905099,principal@lindisfarne.nsw.edu.au
03809A,Australian Campus Management Pty Ltd,http://www.ciom.edu.au,61292803733,jim.psaros@ciom.edu.au
03810G,CAREER READY PTY LTD,http://www.ric.edu.au,0468800180,ceo@ric.edu.au
03814D,HOWAYEK BLESSINGS LTD,,0295592434,katy.sawma@stmarouns.nsw.edu.au
03822D,Charlton Brown Pty Ltd,http://charltonbrown.com.au,0477808878,janene.barrett@charltonbrown.edu.au
03831C,ILEARN OZ PTY LTD,,0425364345,shanta@ilearnoz.edu.au
03832B,Aus Crest Pty Ltd,,0433796766,paramountintcollege@gmail.com
03835K,Radix Education Pty Ltd,https://ciet.edu.au/,0452520086,ramank.4034@gmail.com
03838G,FIRST CHOICE EDUCATION PTY. LTD.,,0450609186,ceo@iie.edu.au
03844J,Australian Institute of Business Intelligence Pty Ltd,http://www.aibi.edu.au,0449855686,carlos.munoz@aibihe.edu.au
03845H,Higher Education Leadership Institute,,0410941964,peo@heli.edu.au
03849D,Inspired Australia Holdings PTY LTD,http://www.reddamhouse.com.au,0293694096,simon.lees@inspirededu.com
03850M,Global Institute of Training and Education Pty Ltd,http://www.gite.edu.au,0414297034,maria@gite.edu.au
03853H,Eastern College Australia Limited,http://www.eastern.edu.au,0397909200,eteo@eastern.edu.au
03854G,LEARNVAULT PTY LTD,http://www.afcollege.edu.au,0404511809,s.rana@afcollege.edu.au
03858C,THE EARLY CHILDHOOD LEARNING COMPANY PTY. LTD.,https://asia.edu.au/,0403143543,ceo@asia.edu.au
03859B,Australian National Education Pty Ltd,,0292815929,ceo@ane.edu.au
03860J,Hills International College Ltd,,0755460667,darren.parks@hills.qld.edu.au
03868A,Mount Alvernia College Limited,,33576000,jenss@staff.mta.qld.edu.au
03869M,AUSTRALIAN EDUCATION AND LEARNING PTY LTD,,0400460504,daniel@crescent-college.com
03870G,Australian Scholar's College Pty Ltd,,0399586847,ceo@asc.edu.au
03874C,West Melbourne Institute of Technology Pty Ltd,http://www.wmit.edu.au,0391318789,info@wmit.edu.au
03878K,Opulence College Pty Ltd,,0421765173,info@opulencecollege.com.au
03880E,Bhairav Baba Pty Ltd,http://www.ccmtcollege.edu.au,0291881733,kpnepal206@gmail.com
03882C,ROCKFORD INTERNATIONAL COLLEGE PTY LTD,http://www.rockford.edu.au,0285935200,ceo@rockford.edu.au
03884A,Skills Training College Pty Ltd,,0434314393,director@skillstrainingcollege.com.au
03886K,Education Institution Search,,,
03888H,Australian City International College Pty Ltd,,0280348856,ceo@acicollege.edu.au
03899E,St. Mary’s Institute Pty Ltd,,0470609787,ceo@smi.edu.au
03904B,Reach Community College Pty Ltd,https://reachcollege.edu.au/,0361695508,info@reachcollege.edu.au
03906M,Sydney Metropolitan Institute of Technology Pty Ltd,http://www.sydneymet.edu.au,1300186729,peo@sydneymet.edu.au
03907K,AUSTRALIAN SOVEREIGN COLLEGE PTY LTD,http://ausc.edu.au,0470271552,ceo@ausc.edu.au
03909H,CJAE Pty Ltd,,0397925259,info@angelinstitute.com.au
03916J,Kingsway College Pty Ltd,http://www.kingswaycollege.vic.edu.au,0392405072,eric@kingswaycollege.vic.edu.au
03917H,Shafston International Pty Ltd,,0438888001,peter.wei@shafston.edu
03920B,Fox Endeavours Pty Ltd,http://www.fox.edu.au,0889275995,jo@fox.edu.au
03925H,Australasian College of Advanced Education Pty Ltd,,0411460111,cnb@primegroup.com.au
03927F,Highgate International College Pty Ltd,https://hic.edu.au/,0424628262,ceo@hic.edu.au
03931K,Loreto Normanhurst Limited,http://www.loretonh.nsw.edu.au,61294737300,principal@loretonh.nsw.edu.au
03932J,ECA Higher Education Institute Pty Ltd,https://chs.edu.au/,0410941964,peo@chs.edu.au
03933H,Contempo Education Pty Ltd,,0450555342,peo@contempocollege.edu.au
03935F,Helix College Pty Ltd,,1800443549,raphael.woolf@helixcollege.edu.au
03936E,J Chazzer & B Singh & H Singh,,0432425682,jagdeepsingh289@gmail.com
03938C,Signature Training Pty Ltd,http://www.signaturetraining.edu.au,0288962036,nikkiminhas@signaturetraining.edu.au
03939B,Massey College Pty Ltd,,61390084088,info.masseycollege@gmail.com
03943F,Australian Chiropractic College Limited,http://www.acc.sa.edu.au,0414634016,patrick.sim@acc.sa.edu.au
03944E,INTERNATIONAL INSTITUTE OF SYDNEY PTY LTD,https://iis.edu.au/,0401591867,info@iis.edu.au
03945D,The Bright College Pty Ltd,https://www.thebrightcollege.edu.au/,0862443233,admin@thebrightcollege.edu.au
03946C,Penfold College Pty Ltd,,0386370343,admin@penfold.edu.au
03949M,Riverdale Institute Pty Ltd,,0436022725,info@riverdaleinstitute.com.au
03951F,Sunbeam International College Pty Ltd,http://sunbeam.edu.au,0451201537,compliance@sunbeam.edu.au
03954C,Australian Health and Horticulture Institute Pty Ltd,,0422657983,admin@ahhi.edu.au
03955B,Wisdom International College Pty Ltd,,0414688280,ceo@wisdomcollege.edu.au
03956A,Pioneer College Pty Ltd,https://pioneercollege.edu.au/,0433500276,peo@pioneercollege.edu.au
03957M,Starford College Pty Ltd,,0493379983,ramandshrivastava98@gmail.com
03958K,Aim Institute Pty Ltd,,0424721300,info@aiminstitute.nsw.edu.au
03961D,J&L Consultancy Pty Ltd,http://bibe.tas.edu.au,1300470337,academics.bibe@gmail.com
03962C,Prospect Education Group Pty Ltd,,0433170802,Prospectedugroup@gmail.com
03964A,ADVANCE INSTITUTE AUSTRALIA PTY LTD,,0484897004,milan@advance.edu.au
03966K,NOVUS EDUCATION PTY LTD,,0425072090,admin@novuseducation.edu.au
03967J,Apex Institute of Higher Education Pty Ltd,https://apexhe.nsw.edu.au/,0409368093,roch.vandelft@apexaustralia.edu.au
03970C,ADELAIDE EDUCATION AND TRAINING PTY LTD,,0882312020,eva@concordinstitute.edu.au
03972A,Australian Prime Education and Training Pty Ltd,,0421459313,chenqi9701@gmail.com
03976H,Easy Buy Products Pty Ltd,,0433940544,jaag27@gmail.com
03980A,FEDERATION ACADEMY AUSTRALIA PTY LTD,,1300202266,mel@federationacademy.edu.au
03981M,ALIT EDUCATION GROUP PTY. LTD.,,0399175018,ceo@alit.edu.au
03983J,AUSTRALIAN INSTITUTE OF DIGITAL TECHNOLOGY PTY LTD,https://aidt.edu.au/,0432039075,ceo@aidt.edu.au
03985G,Australian International College of Skills & Education Pty Ltd,,0414977786,ceo@aicse.edu.au
03989C,Valley International Pty Ltd,https://valleycollege.edu.au/,1300140000,ceo@valleycollege.edu.au
04001M,Brooklyn International College Pty Ltd,https://brooklyn.edu.au/,0298533253,info@brooklyn.edu.au
04004H,Innovative College Pty Ltd,,0291694300,admission@invcollege.edu.au
04008D,Australian College of Vocational Education and Training Pty Ltd,https://www.acvet.edu.au/,61431837084,hassam@acvet.edu.au
04009C,National Academy of Professional Studies Pty Ltd,http://www.naps.edu.au,61285421753,SamBlay@naps.edu.au
04011J,United Institute Pty Ltd,,0402740652,ceo@united.edu.au
04012H,Edunex Pty Ltd,,1300338639,info@edunex.edu.au
04013G,Queensland Institute of Higher Education Pty Ltd,http://www.aiihe.edu.au,0403073666,ceo@aiihe.edu.au
04015E,Ivory Education Group Pty Ltd,https://ivoryinstitute.edu.au/,0470636729,Sajjad@ivoryinstitute.edu.au
04021G,Alice Springs College of Australia Pty Ltd,http://www.asca.edu.au/,0889523221,info@asca.edu.au
04023E,Australian Virtus Institute Pty Ltd,http://www.avi.edu.au,0410431980,shayma@avi.edu.au
04024D,Harvard International College Pty Ltd,,0478062465,info@horizon.edu.au
04027A,Australian Educare College Pty Ltd,,0439783881,aecsydney1@gmail.com
04030F,AUIPT GROUP PTY LTD,,0391238338,info@auipt.edu.au
04034B,Australian Vocational Training Academy Pty Ltd,,0361184611,info@avta.edu.au
04036M,Kingsford Education Group Pty Ltd,,0421939324,sumit@kaa.edu.au
04044M,Vigil International College Pty Ltd,,0420274303,ceo@vigilinternationalcollege.edu.au
04046J,Pace Business College Pty Ltd,http://www.allied.edu.au,0370680005,ceo@allied.edu.au
04050B,ABBI Educational Services Pty Ltd,,0452502553,silkykhanuja@hotmail.com
04051A,The Ballarat Academy Pty Ltd,http://www.capstone.edu.au,0291638948,ceo@capstone.edu.au
04055H,Auscare Staffing Agency Pty Ltd,,0863643917,veronicah@auscaregroup.com.au
04057F,SECURITY COLLEGE OF AUSTRALIA Pty Ltd,,0409248286,Alizebafridi1122@gmail.com
04058E,Alma Mater College Australia Pty Ltd,,0386370110,welcome@amca.edu.au
04060M,Enlighten Talent Pty Ltd,,0272523611,chanel@greenwoodacademyaca.com.au
04061K,Britts College Pty Ltd,https://brittscollege.edu.au/,0478746000,nipun@brittscollege.com.au
04062J,Auscanus Institute of Australia Pty Ltd,http://www.auscanus.edu.au,0399458247,ash.dhillon@auscanus.edu.au
04063H,Ming-De International School Toowoomba Inc,http://www.ming-de.qld.edu.au,0407177552,pawseyam@ming-de.qld.edu.au
04067D,WHITEHOUSE INTERNATIONAL COLLEGE PTY LTD,,0404328048,yvonne@whitehousecollege.edu.au
04069B,College of Nursing Education & Training Australia Pty Ltd,,0411410159,executive@nursingeta.com
04070J,Southern Institute of Early Learning and Leadership Pty Ltd,,0425301240,allen@siell.edu.au
04071H,D P TRAINING PTY LTD,https://www.dptraining.com.au/international,1300130487,TM@dptrainingconsultancy.com
04073F,Daffodil International College Pty Ltd,https://daffodil.edu.au/,1300665737,info.daffodilcollege@gmail.com
04074E,Australian Professional Training Academy Pty Ltd,,0466829418,sayeed.parvez@invicta.edu.au
04076C,Avalon College Pty Ltd,,0415369291,gm@avaloncollege.vic.edu.au
04078A,Southern Cross Institute (SCI),https://sci.edu.au/,0296333287,brian.english@sci.edu.au
04079M,Thames International College Pty Ltd,,0412371977,tinternationalcollege@gmail.com
04084C,Concordia College - St Peters Campus Blackwood,,0882780800,aronoastro@concordia.sa.edu.au
04086A,Oban College Pty Ltd,http://www.oban.edu.au,0284157081,jd@oban.edu.au
04087M,ELITE COLLEGE OF ENGLISH,,0283506773,harmonnia.j@ece.nsw.edu.au
04089J,Global Healthcare Management College Pty Ltd,https://ghmc.edu.au,0406781944,ghmcollege2020@gmail.com
04090E,Sydney Polytechnic Institute,https://spi.nsw.edu.au/,0290576409,rob.forage@spi.nsw.edu.au
04095M,Australian Institute of Professional Counsellors,http://www.aipc.net.au,0731122000,sandra@aipc.net.au
04096K,NATIONAL POLYTECHNIC OF AUSTRALIA PTY LTD,https://npa.edu.au,0286096673,info@npa.edu.au
04097J,Lincoln Institute of Higher Education Ltd,http://lincolnau.nsw.edu.au,0433404529,amiya.bhaumik@lincolnau.nsw.edu.au
04100H,Education Institution Search,,,
04101G,Dynamic Training Services Pty Ltd,,0430777303,ceo@dynamictraining.edu.au
04106B,States College Australia Pty Ltd,,0403650714,anilksth@gmail.com
04108M,IIVS Pty Ltd,https://www.paramount.edu.au,0285290890,principal@paramount.edu.au
04109K,Sharma Education Pty Ltd,,0391250960,admissions@eureka.edu.au
04110F,Australian Business Training Institute Pty Ltd,,0410032411,abtiedu21@gmail.com
04111E,Universal Training Institute Pty Ltd,,0411719140,australiauti@gmail.com
04112D,Education Institution Search,,,
04113C,Silverline College Pty Ltd,,0425691503,ceo.silverlinecollege@gmail.com
04123A,Austin Institute of Trades Pty Ltd,https://austin.edu.au/,61399599891,ceo@austin.edu.au
04128G,Rural Medical Education Australia Limited,,0427693823,megan@ruralmeded.org.au
04133K,Hillshire Investment Pty Ltd,,0431683059,a.pokhrel@hillshire.edu.au
04135H,Sydney College of Professional Education,https://www.scpe.edu.au,0452389499,bipinvelera@gmail.com
04136G,VIITE Pty Ltd,,0410279652,ceo@viite.edu.au
04137F,Australian Higher Education Academy Pty Ltd,,0893210168,teresa@ahea.wa.edu.au
04142J,Epicure Skills Training,https://epicure.edu.au,0425315150,epicure.skills.t@gmail.com
04144G,Management Institute of Australia Pty Ltd,,1300060599,info@gcm.edu.au
04149B,Infinity Business College Pty Ltd,,0243027899,darren.evans@infinitybusinesscollege.nsw.edu.au
04155D,Phia Education Pty Ltd,http://www.hopkins.edu.au,0893251390,info@hopkins.edu.au
04156C,Australis Vocational College Pty Ltd,,0430033226,avcaustralia@gmail.com
04174A,Dynamite Management Australia Pty Ltd,,1300363207,abbe@dsa.com.au
04175M,Education Institution Search,,,
04178H,B&P Education Pty Ltd,http://www.ausfordcollege.edu.au,0433686477,ceo@ausfordcollege.edu.au
04180C,The Performance College Pty Ltd,https://tpc.edu.au,0412037949,info@performancecollege.com.au
04184K,Unified WA Pty Ltd,,0430170573,unifiedwatraining@gmail.com
04185J,Early Learning Professional Development Pty Ltd,,0391251790,chris@makingeducation.com.au
04186H,Clarence Valley Anglican School Council Inc,,0266428205,klisle@cvas.nsw.edu.au
04188F,Education Institution Search,myskillsaustralia.edu.au,,
04189E,Fusion College of Technology Pty Ltd,,0423882071,admin@fusioncollege.edu.au
04190A,Genesis Education and Training Pty Ltd,http://www.aimerscollege.edu.au,0721116900,jessica@aimerscollege.edu.au
04193J,JH HOWLAND GROUP PTY LTD,,0434015565,info@howlandacademy.com.au
04194H,Edinburgh Institute Pty Ltd,,61399643690,admin@edinburgh.edu.au
04202B,Southern Academy of Higher Education Pty Ltd,https://sahe.nsw.edu.au/,1300967477,ceo@sahe.nsw.edu.au
04203A,TUT Training College Pty Ltd,,0396896755,samiabaho@hotmail.com
04213K,AUCTUS Consulting Pty Ltd,,0419814523,sam@auctus.com.au
04223H,AUSTRALIAN NURSING AND TRAINING SERVICES PTY LTD,,0295423340,ruby@austnursing.edu.au
04233F,Education Institution Search,,,
04234E,City College Pty Ltd,https://www.citycollege.edu.au/,0410024033,peo@citycollege.edu.au
04248K,Australian Dance Institute Pty Ltd,,0449567334,marguerite.barber@yahoo.com
04249J,Adelaide University,,0883131426,dvca@adelaide.edu.au
04255M,Opal Education Group Pty Ltd,,0404944167,ceo@opal.edu.au
04257J,G5 BROTHERS PTY LTD,,0411216262,raju.s@onepath.edi.au
04258H,Melvic College Australia Pty Ltd,http://www.melvic.com.au,0420418189,info@melvic.com.au
04261B,Kentford International College Pty Ltd,https://www.kentford.edu.au/,0452620239,ceo@kentford.edu.au
04265J,Nova Anglia College Pty Ltd,https://www.nac.edu.au/,0422844280,program.design@novaangliacollege.com.au
04267G,Education Institution Search,,,
04268F,Reliable College of Nursing Pty Ltd,,1300683666,ceo@rcn.nsw.edu.au
04271M,Education Institution Search,,,
04273J,Australian College of Technical Studies Pty. Ltd.,https://actstudies.edu.au/,0480474262,ceo@actstudies.edu.au
04274H,Study of Australian Technologies and Healthcare Education Pty Ltd,http://www.satheducation.com.au,0450101002,admin@satheducation.com.au
04278D,CW EDUCATION GROUP PTY LTD,,0450891216,ceo@tia.edu.au
04282H,Sterling International Training and Education Pty Ltd,http://www.sterlinginternational.com.au,0438723634,sarah@sterlinginternational.com.au
04285E,Grampians College Pty Ltd,,0420800432,ceogrampians23@gmail.com
04289A,Australian School of Business Pty Ltd,http://www.australis.vic.edu.au,0403576929,mlac@australis.vic.edu.au
04297A,AIdrones Pty Ltd,,0424267477,lakewoodgosford@gmail.com
04298M,AICE Pty Ltd,https://www.aice.edu.au/,0892794343,binu.j@stjudes.com.au
04305F,Vocational Augment Pty Ltd,http://www.vat.vic.edu.au/,0434044422,enquiries.vat@gmail.com
04308C,Sage College of Australia Pty Ltd,,0452634657,sagecollegeaus@gmail.com
04311H,Language Savvy Pty Ltd,https://englishwiseglobal.qld.edu.au/,0431767878,shivisyd@gmail.com
04313F,Siena College Limited,http://www.siena.vic.edu.au,0398350200,principal@siena.vic.edu.au
04318A,UMA Education Solutions Ltd,https://uma.edu.au/,1300219391,m.charchouh@uma.edu.au
04334A,Montford Group Pty Ltd,,0434640478,ceo@montford.edu.au
04337J,Australian Institute of Community and Health Management Pty Ltd,,0383768177,joseph@aichm.edu.au
04342A,Education and Career Hub Pty Ltd,http://www.lihe.edu.au,0419884188,margot@lihe.edu.au
04346H,Hampton College Pty Ltd,,0405234970,sam.sandhu@workext.com.au
04354H,Victorian Skills College Pty Ltd,,0422747019,victorianskillscollege@gmail.com
04359C,Imperial Institute QLD Pty Ltd,,0411965993,anurpuri1@gmail.com
04362H,Risen Star College of Technology & Business Pty Ltd,,0499824064,risenstars01@gmail.com
04363G,Hessel Pty Ltd,,0884620222,tanya@hesselgroup.com.au
04364F,Early Education Institute Pty Ltd,,0401765282,ali.k@eeitraining.edu.au
04366D,Sacre Coeur,https://sacrecoeur.vic.edu.au/,0398352700,Adelina.Melia-Douvos@sac.vic.edu.au
04368B,National Diversity Institute of Australia Pty Ltd,,0488744192,info@pattyhealthandcare.com.au
04375C,Laurus Higher Education Pty Ltd,,0427341322,Stephen.Wigley@lauruseducation.com.au
04376B,INSTITUTE OF MANAGEMENT LEARNING PTY LTD,,0431281807,iml2k25@gmail.com
04377A,Aroha College Pty Ltd,http://www.arohacollege.com.au,1300800876,gautam@arohacollege.com.au
04378M,Greenhouse Education Pty Ltd,http://www.greenhouseeducation.com,1300052805,jay@greenhouseeducation.com
04382D,Inventive Institute Pty Ltd,,0434116273,rahbersadique1@gmail.com
04393A,Sydney Global Institute Pty Ltd,,0458358164,sugam@sgi.edu.au
04403D,International Business College Pty Ltd,http://ibc.edu.au,0413970068,philip.brown@ibc.edu.au
04406A,Aurora Training Institute Pty Ltd,,1300936864,stuart@aurora.edu.au
